Date,Close
2015-01-02,998049.9999999999
2015-01-05,996023.1214917026
2015-01-06,966178.2961317287
2015-01-07,963176.5794978702
2015-01-08,978928.1037871493
2015-01-09,984860.2555723018
2015-01-12,989437.1304397691
2015-01-13,986631.6120233929
2015-01-14,984034.0172800999
2015-01-15,1009783.4660607767
2015-01-16,1012119.3857850134
2015-01-19,1016506.0993032289
2015-01-20,1033731.7223300706
2015-01-21,1037761.7962482236
2015-01-22,1041554.1104330017
2015-01-23,1050374.9036663156
2015-01-27,1059279.0521186546
2015-01-28,1059730.772393343
2015-01-29,1064254.1281020772
2015-01-30,1047200.9041006562
2015-02-02,1045833.7856337504
2015-02-03,1040977.4734233955
2015-02-04,1037072.3162401603
2015-02-05,1035645.7578399107
2015-02-06,1029624.4461547426
2015-02-09,1013611.3048932172
2015-02-10,1018271.4188860898
2015-02-11,1025624.2082968814
2015-02-12,1035627.8794224596
2015-02-13,1046796.6661164709
2015-02-16,1047254.3071657697
2015-02-18,1054357.3792003458
2015-02-19,1057472.0549262813
2015-02-20,1050137.1439329407
2015-02-23,1040787.3120741436
2015-02-24,1041637.233464787
2015-02-25,1042249.5112156754
2015-02-26,1032334.8838964929
2015-02-27,1051444.822466503
2015-03-02,1064777.2459529499
2015-03-03,1069473.0006871049
2015-03-04,1060723.4889363553
2015-03-05,1062518.5284858881
2015-03-09,1041001.272615457
2015-03-10,1035687.3193558033
2015-03-11,1034248.919406333
2015-03-12,1043289.7100491907
2015-03-13,1028043.3671465233
2015-03-16,1026307.7675303343
2015-03-17,1037024.7178560373
2015-03-18,1032578.680498098
2015-03-19,1026486.0873303654
2015-03-20,1018907.4958290396
2015-03-23,1016529.8984952903
2015-03-24,1015584.780336401
2015-03-25,1014140.3435187003
2015-03-26,991713.726324282
2015-03-27,991624.5664242664
2015-03-30,1009563.468651233
2015-03-31,1009408.9480432633
2015-04-01,1020732.2553452443
2015-04-06,1029487.803964224
2015-04-07,1029535.286254727
2015-04-08,1035966.7566986908
2015-04-09,1043563.1105238479
2015-04-10,1043806.7910318333
2015-04-13,1050184.7423170637
2015-04-16,1035051.3585064734
2015-04-17,1023080.1327123217
2015-04-20,1004308.955324923
2015-04-21,995945.8031409079
2015-04-22,1002121.6354340456
2015-04-23,998388.7611826113
2015-04-24,987327.0128060667
2015-04-27,976455.4257787741
2015-04-28,984990.97698821
2015-04-29,979540.3815380377
2015-04-30,972615.6293034928
2015-05-04,990501.128465346
2015-05-05,989651.0909810826
2015-05-06,962570.2805684021
2015-05-07,957850.7266421858
2015-05-08,973804.4279703675
2015-05-11,989704.610139816
2015-05-12,966130.7557944156
2015-05-13,979029.2213300056
2015-05-14,977691.8228297716
2015-05-15,982227.0200877265
2015-05-18,995458.4421249372
2015-05-19,994507.4031914375
2015-05-20,1001354.8370751875
2015-05-21,1001087.3573751407
2015-05-22,1005598.8715346539
2015-05-25,995054.2041407519
2015-05-26,991380.7698226613
2015-05-27,990816.0904558959
2015-05-28,988961.6109730193
2015-05-29,1002591.2341261851
2015-06-01,1002561.5141595132
2015-06-02,979148.101196693
2015-06-03,967099.6150985565
2015-06-04,966570.5764730733
2015-06-05,964674.4774274942
2015-06-08,956287.4680046076
2015-06-09,953701.8309041553
2015-06-10,965833.556127697
2015-06-11,946919.7577283593
2015-06-12,949006.0761700004
2015-06-15,952691.3520373118
2015-06-16,956661.9279753112
2015-06-17,961922.3620762315
2015-06-18,971795.3698327114
2015-06-19,977780.9827297872
2015-06-22,993015.3679896139
2015-06-23,996397.5234155962
2015-06-24,993936.6869564417
2015-06-25,998353.120441329
2015-06-26,996344.0042568629
2015-06-29,988890.3294904548
2015-06-30,994846.1643740488
2015-07-01,1004897.43388375
2015-07-02,1003928.6326264191
2015-07-03,1008683.8272939177
2015-07-06,1013112.1023280257
2015-07-07,1011762.746184951
2015-07-08,994198.2458818782
2015-07-09,990096.8904811606
2015-07-10,993901.0462151595
2015-07-13,1005682.1106600591
2015-07-14,1005022.2345250478
2015-07-15,1013308.1844518881
2015-07-16,1023323.813220307
2015-07-17,1023537.7737616205
2015-07-20,1022777.0122709926
2015-07-21,1013979.9021361202
2015-07-22,1026349.3290462269
2015-07-23,1021154.2556532607
2015-07-24,1013040.7047518414
2015-07-27,993954.5653738928
2015-07-28,991101.4485733936
2015-07-29,995624.8042821278
2015-07-30,1001182.4380497667
2015-07-31,1014384.0240266857
2015-08-03,1015596.6218856218
2015-08-04,1012487.9830279165
2015-08-05,1018556.7770035876
2015-08-06,1021017.6134627421
2015-08-07,1018158.4597940127
2015-08-10,1013522.1449932016
2015-08-11,1006002.9934252194
2015-08-12,992581.5261323765
2015-08-13,993342.2876230044
2015-08-14,1012684.065151779
2015-08-17,1007780.270650921
2015-08-18,1006502.3120840307
2015-08-19,1009902.3459274642
2015-08-20,995351.4038074706
2015-08-21,986696.9727313471
2015-08-24,928332.8789624122
2015-08-25,936856.5886226274
2015-08-26,926294.1008580843
2015-08-27,944970.1395240469
2015-08-28,951270.7724584825
2015-08-31,947627.0581070639
2015-09-01,925580.8216579595
2015-09-02,917395.9312271655
2015-09-03,929997.1970960367
2015-09-04,910031.3002671531
2015-09-07,898589.1130984846
2015-09-08,913978.1350599009
2015-09-09,929474.1372919739
2015-09-10,925848.3013580062
2015-09-11,925990.9223699452
2015-09-14,935852.0305303944
2015-09-15,930722.3758921922
2015-09-16,939049.8873349252
2015-09-18,948887.1963033129
2015-09-21,948316.5961619371
2015-09-22,928689.5185624746
2015-09-23,932725.5132552381
2015-09-24,935406.2310303164
2015-09-28,926751.799954193
2015-09-29,932410.4351710683
2015-09-30,944964.1607026266
2015-10-01,945201.9204360015
2015-10-05,965221.2783768086
2015-10-06,969215.6535068695
2015-10-07,972128.2102407123
2015-10-08,966416.0558651036
2015-10-09,973590.4674290541
2015-10-12,968110.0939654
2015-10-13,966695.4351611811
2015-10-14,963866.0595059335
2015-10-15,972377.8695701179
2015-10-16,979350.2201887857
2015-10-19,983736.8176133813
2015-10-20,982143.8970559412
2015-10-21,980961.0191636769
2015-10-23,986162.0133312534
2015-10-26,982013.059546413
2015-10-27,978726.1008886765
2015-10-28,971391.1898953359
2015-10-29,964323.7586020422
2015-10-30,958861.2055090292
2015-11-02,957078.0075087172
2015-11-03,958254.9646263712
2015-11-04,955817.9273592781
2015-11-05,945742.8586575155
2015-11-06,945606.100373377
2015-11-09,940957.944023345
2015-11-10,925283.6219912408
2015-11-13,922775.2451947733
2015-11-16,928047.5788917243
2015-11-17,931726.8759376154
2015-11-18,919155.3300354161
2015-11-19,932345.0744631143
2015-11-20,933985.5934046772
2015-11-23,933117.7935965827
2015-11-24,931019.575558911
2015-11-26,937225.0697719107
2015-11-27,944227.1403572502
2015-11-30,943341.4621317047
2015-12-01,945677.4399027514
2015-12-02,942877.8422609855
2015-12-03,934889.092000864
2015-12-04,925111.22296582
2015-12-07,923149.7051654768
2015-12-08,915577.0924855713
2015-12-09,904972.9851583254
2015-12-10,913389.656501074
2015-12-11,904729.3046503401
2015-12-14,909436.9009337157
2015-12-15,915481.9537641354
2015-12-16,921425.9470985086
2015-12-17,932535.2938591761
2015-12-18,922739.604453491
2015-12-21,931358.3947883322
2015-12-22,925610.5416246313
2015-12-23,935103.1105889874
2015-12-24,934520.5528047709
2015-12-28,942140.7638687993
2015-12-29,942592.5421902976
2015-12-30,938705.1473308936
2015-12-31,944661.0402612975
2016-01-04,926228.6821033201
2016-01-05,925438.1425992105
2016-01-06,920249.0480276647
2016-01-07,899718.4718320156
2016-01-08,903647.4862541222
2016-01-11,899189.4912533422
2016-01-12,892823.4395641426
2016-01-13,899017.0922279215
2016-01-14,895973.7560313604
2016-01-15,884204.6492293014
2016-01-18,873885.9000195534
2016-01-19,883883.7084173312
2016-01-20,868928.5863599621
2016-01-21,865064.9906926196
2016-01-22,882379.8897130968
2016-01-25,884008.509058629
2016-01-27,884198.728454691
2016-01-28,882641.3905917233
2016-01-29,899153.7924652501
2016-02-01,898250.3519158732
2016-02-02,886314.7668630038
2016-02-03,875169.7793610541
2016-02-04,880186.532953989
2016-02-05,890303.2212184543
2016-02-08,878195.295186974
2016-02-09,867609.0662771793
2016-02-10,857801.4772754634
2016-02-11,829347.5695744568
2016-02-12,829894.428570581
2016-02-15,851530.5643076997
2016-02-16,837895.0203799235
2016-02-17,845051.6115732328
2016-02-18,854954.2812495746
2016-02-19,857212.9987166364
2016-02-22,860042.3163250742
2016-02-23,845182.3329891411
2016-02-24,834382.1435380329
2016-02-25,828664.0103410038
2016-02-26,835695.7428462054
2016-02-29,830619.5493199266
2016-03-01,858586.0379581527
2016-03-02,876007.9172492867
2016-03-03,888698.3430181735
2016-03-04,889857.4217183763
2016-03-08,889851.442896956
2016-03-09,895379.356697923
2016-03-10,889952.5023930023
2016-03-11,892811.5980149218
2016-03-14,896205.5949901249
2016-03-15,886915.1450178615
2016-03-16,891450.4003226263
2016-03-17,893090.9192641894
2016-03-18,904004.1258541846
2016-03-21,915880.2129269004
2016-03-22,917146.2718977599
2016-03-23,917336.4912938218
2016-03-28,905282.0844210748
2016-03-29,903130.3472246698
2016-03-30,919559.5680196013
2016-03-31,919939.9487649152
2016-04-01,916926.332535026
2016-04-04,922365.0864359776
2016-04-05,903867.425616856
2016-04-06,905192.9245210593
2016-04-07,897120.9931823424
2016-04-08,898161.1920158577
2016-04-11,911974.9976968551
2016-04-12,916438.9715190554
2016-04-13,933260.4726553316
2016-04-18,940898.5040900012
2016-04-20,940904.4248646117
2016-04-21,940583.4260058316
2016-04-22,939067.7077055664
2016-04-25,933807.2736046461
2016-04-26,946598.7588695793
2016-04-27,948649.436569938
2016-04-28,932880.0338632078
2016-04-29,933183.1543045369
2016-05-02,927964.3397663191
2016-05-03,920962.3272277894
2016-05-04,916153.6134015576
2016-05-05,919595.2087608837
2016-05-06,919351.5282528982
2016-05-09,935114.9521382082
2016-05-10,937700.5892386605
2016-05-11,933070.2532592698
2016-05-12,939198.4871682846
2016-05-13,929034.2585665063
2016-05-16,934484.9120634886
2016-05-17,938051.3080641126
2016-05-18,935602.3712009888
2016-05-19,925289.5427658512
2016-05-20,921283.3260865696
2016-05-23,919066.1701354005
2016-05-24,921182.2665905233
2016-05-25,943299.8425690021
2016-05-26,959318.904605138
2016-05-27,969661.4530069474
2016-05-30,972258.9897034304
2016-05-31,970071.6117657431
2016-06-01,972431.3887288513
2016-06-02,977067.7035296625
2016-06-03,977287.5848455863
2016-06-06,974939.7074785088
2016-06-07,982714.497197317
2016-06-08,983499.0578800064
2016-06-09,975242.8279198379
2016-06-10,971254.4316111974
2016-06-13,964187.0583647137
2016-06-14,963979.0185980105
2016-06-15,975599.4675199003
2016-06-16,967771.2747359787
2016-06-17,971272.3100286485
2016-06-20,979391.7817046784
2016-06-21,977180.6626217394
2016-06-22,975254.7855626786
2016-06-23,983190.0166640668
2016-06-24,961571.7012975893
2016-06-27,962296.880093745
2016-06-28,966237.7360650724
2016-06-29,975290.4263039608
2016-06-30,985246.615139036
2016-07-01,990073.0912890992
2016-07-04,995107.7232994852
2016-07-05,990976.6479320958
2016-07-07,991208.4868908603
2016-07-08,989460.9296318307
2016-07-11,1006662.8695602308
2016-07-12,1012981.2648184976
2016-07-13,1012797.024243856
2016-07-14,1018206.0581781357
2016-07-15,1015400.5397617593
2016-07-18,1011513.1449023553
2016-07-19,1013872.8638186536
2016-07-20,1018307.0596273721
2016-07-21,1011679.5070595458
2016-07-22,1015376.7405696979
2016-07-25,1026604.9671970529
2016-07-26,1021255.373196117
2016-07-27,1024245.1321871348
2016-07-28,1030248.5654548518
2016-07-29,1026943.7283796642
2016-08-01,1026711.8894208998
2016-08-02,1025089.2488967878
2016-08-03,1015810.5824269353
2016-08-04,1016553.581593732
2016-08-05,1032251.7608647075
2016-08-08,1035604.0802303982
2016-08-09,1031669.203080491
2016-08-10,1019430.4975862926
2016-08-11,1021433.6929961483
2016-08-16,1027425.1686210246
2016-08-17,1025225.8910873064
2016-08-18,1031074.8037470537
2016-08-19,1030319.9630310362
2016-08-22,1025832.2480635844
2016-08-23,1026242.2907287603
2016-08-24,1028346.4875878524
2016-08-25,1021439.6137707586
2016-08-26,1019103.5779529021
2016-08-29,1023252.5317377425
2016-08-30,1039527.1158310845
2016-08-31,1044502.3079081269
2016-09-01,1043129.2686666106
2016-09-02,1047290.0640006718
2016-09-06,1063142.6477859973
2016-09-07,1060164.7303442003
2016-09-08,1064272.006519528
2016-09-09,1054072.1371764678
2016-09-12,1036109.3196638199
2016-09-14,1037416.998197382
2016-09-15,1039313.155289771
2016-09-16,1043747.3510984895
2016-09-19,1047141.4641673125
2016-09-20,1043277.8684999698
2016-09-21,1043426.4683333292
2016-09-22,1054161.2970764833
2016-09-23,1049893.4634249555
2016-09-26,1036994.9978893654
2016-09-27,1035015.7177651911
2016-09-28,1039622.3125993303
2016-09-29,1021326.6546786816
2016-09-30,1023692.4104632101
2016-10-03,1038784.1166642879
2016-10-04,1042475.4293998295
2016-10-05,1039479.6335405814
2016-10-06,1035390.1196890847
2016-10-07,1033969.4820634455
2016-10-10,1035300.9597890691
2016-10-13,1019198.658627528
2016-10-14,1020393.4941626329
2016-10-17,1012904.0625613226
2016-10-18,1031627.6415645983
2016-10-19,1029392.6071959782
2016-10-20,1034183.5586983789
2016-10-21,1033428.6018887415
2016-10-24,1035318.8382065202
2016-10-25,1033220.5621220384
2016-10-26,1024179.7714791808
2016-10-27,1024179.7714791808
2016-10-28,1026884.2884463206
2016-11-01,1025487.4500127429
2016-11-02,1012143.184977075
2016-11-03,1008689.748068528
2016-11-04,1002603.0756754059
2016-11-07,1010128.1480179984
2016-11-08,1015656.0618189656
2016-11-09,1002395.0359087028
2016-11-10,1013540.0234106526
2016-11-11,986263.0147804898
2016-11-15,963931.4782606976
2016-11-16,964305.9382314011
2016-11-17,960543.4020601048
2016-11-18,959847.9432306212
2016-11-21,942610.3625609388
2016-11-22,951312.3339743753
2016-11-23,954997.6098416867
2016-11-24,946937.5780990005
2016-11-25,964626.8790433713
2016-11-28,966124.7769729954
2016-11-29,967937.6949399791
2016-11-30,977727.4635710539
2016-12-01,973970.9062211779
2016-12-02,961357.682709466
2016-12-05,966344.7163357291
2016-12-06,968056.5748066666
2016-12-07,963170.6006764498
2016-12-08,980384.3821540708
2016-12-09,982155.7386051619
2016-12-12,971343.5915112131
2016-12-13,977406.4647122738
2016-12-14,972728.5883955699
2016-12-15,969298.8926322747
2016-12-16,967616.754128009
2016-12-19,963444.059197917
2016-12-20,960834.6229054031
2016-12-21,958326.2461089357
2016-12-22,948554.355895312
2016-12-23,949344.8953994217
2016-12-26,940131.7057311431
2016-12-27,954944.1487297632
2016-12-28,955181.9084631382
2016-12-29,963354.8992979014
2016-12-30,973126.7895115251
2017-01-02,972377.8695701179
2017-01-03,973893.5878703832
2017-01-04,973685.54810368
2017-01-05,983588.217780022
2017-01-06,980021.821779398
2017-01-09,979100.5028125701
2017-01-10,985347.6165882724
2017-01-11,996290.6011917494
2017-01-12,999446.8384335777
2017-01-13,998632.4416905966
2017-01-16,1000112.5192495795
2017-01-17,998353.120441329
2017-01-18,1000611.8379083908
2017-01-19,1002763.517057986
2017-01-20,992569.568489536
2017-01-23,997580.4013078605
2017-01-24,1007601.9508508898
2017-01-25,1022693.7731455874
2017-01-27,1027270.6480130549
2017-01-30,1026260.1691462114
2017-01-31,1017766.1794526681
2017-02-01,1036204.5164320657
2017-02-02,1038326.4756149891
2017-02-03,1039122.993940519
2017-02-06,1046267.6274909878
2017-02-07,1042374.3118569732
2017-02-08,1042463.4717569889
2017-02-09,1043575.0681666886
2017-02-10,1045376.0284908317
2017-02-13,1046743.1469577376
2017-02-14,1045227.4286574724
2017-02-15,1037191.1961068477
2017-02-16,1043527.4697825656
2017-02-17,1048722.5431755318
2017-02-20,1055558.135510061
2017-02-21,1058963.974034485
2017-02-22,1061228.728369777
2017-02-23,1062726.5682525912
2017-02-27,1057638.5331770917
2017-02-28,1055605.617800564
2017-03-01,1063475.4881939983
2017-03-02,1058001.0935517645
2017-03-03,1057739.5346263282
2017-03-06,1065573.7642784799
2017-03-07,1063606.3257035264
2017-03-08,1060919.5710602177
2017-03-09,1061240.5699189978
2017-03-10,1062138.0896937642
2017-03-14,1080261.3485889921
2017-03-15,1079999.7896635558
2017-03-16,1088190.65891577
2017-03-17,1088945.4996317877
2017-03-20,1084998.6648390398
2017-03-21,1084362.7039897097
2017-03-22,1073538.71534654
2017-03-23,1080178.109463587
2017-03-24,1082757.825789429
2017-03-27,1075292.1933801803
2017-03-28,1081901.8675305552
2017-03-29,1087013.7017981163
2017-03-30,1090574.1770241298
2017-03-31,1090574.1770241298
2017-04-03,1098194.3300413485
2017-04-05,1101439.843276812
2017-04-06,1101059.404484688
2017-04-07,1093492.6545325832
2017-04-10,1091489.5752163474
2017-04-11,1098093.328592112
2017-04-12,1094104.9322834716
2017-04-13,1087845.8608649285
2017-04-17,1086478.7423980227
2017-04-18,1082419.0646068177
2017-04-19,1082222.8663893354
2017-04-20,1086134.0604408009
2017-04-21,1084113.102707114
2017-04-24,1095828.6903504396
2017-04-25,1106367.3208761115
2017-04-26,1111746.6348437194
2017-04-27,1110593.5930117469
2017-04-28,1106064.2004347825
2017-05-02,1107223.2791349853
2017-05-03,1107003.3978190613
2017-05-04,1112703.7106454493
2017-05-05,1103835.2029343925
2017-05-08,1107252.9991016572
2017-05-09,1107585.839509658
2017-05-10,1118338.5466702632
2017-05-11,1120133.702313416
2017-05-12,1117577.7851796353
2017-05-15,1122867.9392472275
2017-05-16,1130815.0118978366
2017-05-17,1132419.8900981173
2017-05-18,1120971.7821548386
2017-05-19,1120787.541580197
2017-05-22,1122017.9017629642
2017-05-23,1115824.3071459953
2017-05-24,1112780.9129026243
2017-05-25,1130517.8122311179
2017-05-26,1140664.162415445
2017-05-29,1141829.277983878
2017-05-30,1144165.197708115
2017-05-31,1143772.9173667703
2017-06-01,1143160.639615882
2017-06-02,1147606.793067441
2017-06-05,1150174.5517504422
2017-06-06,1145663.1536845488
2017-06-07,1148843.1901184386
2017-06-08,1146863.7939006444
2017-06-09,1149360.271101081
2017-06-12,1143196.396450784
2017-06-13,1142067.037717253
2017-06-14,1143404.436217487
2017-06-15,1138637.2839071478
2017-06-16,1139826.0825740225
2017-06-19,1148088.2333088012
2017-06-20,1147606.793067441
2017-06-21,1145241.0372829125
2017-06-22,1144813.1162002855
2017-06-23,1138268.8027578646
2017-06-27,1130714.0104486002
2017-06-28,1128318.5346974
2017-06-29,1129846.094546886
2017-06-30,1131843.369182131
2017-07-03,1143029.9181999736
2017-07-04,1142827.7992078809
2017-07-05,1145716.5567496624
2017-07-06,1150109.1910424882
2017-07-07,1149068.9922089728
2017-07-10,1161581.0981778286
2017-07-11,1163364.2961781404
2017-07-12,1166936.6129533749
2017-07-13,1175924.000531119
2017-07-14,1175287.9235881693
2017-07-17,1178806.83729829
2017-07-18,1168250.3283551673
2017-07-19,1176863.081821778
2017-07-20,1173736.5645466219
2017-07-21,1178723.598172885
2017-07-24,1184804.3497913966
2017-07-25,1184584.352381853
2017-07-26,1191253.5825591916
2017-07-27,1191241.624916351
2017-07-28,1190522.424941616
2017-07-31,1197964.2581588032
2017-08-01,1202428.2900278133
2017-08-02,1198487.376009676
2017-08-03,1190421.4234923795
2017-08-04,1196692.336460143
2017-08-07,1195622.417659956
2017-08-08,1186248.6705154774
2017-08-09,1177867.6399140111
2017-08-10,1167430.0108375757
2017-08-11,1154418.5862099088
2017-08-14,1164327.2927544808
2017-08-16,1176589.681347121
2017-08-17,1177404.078090102
2017-08-18,1169468.8469887136
2017-08-21,1159595.781185424
2017-08-22,1160927.2589110474
2017-08-23,1171263.8865382464
2017-08-24,1171804.7667129505
2017-08-28,1178432.3192807767
2017-08-29,1164553.094845015
2017-08-30,1175056.2007230246
2017-08-31,1179038.6762570546
2017-09-01,1185755.3887248964
2017-09-04,1178438.2400553871
2017-09-05,1183116.2324657107
2017-09-06,1178836.557264962
2017-09-07,1180465.2346573041
2017-09-08,1181047.6763479009
2017-09-11,1189517.8668493826
2017-09-12,1199860.4152511922
2017-09-13,1198225.8170842396
2017-09-14,1199093.616892334
2017-09-15,1198951.053927205
2017-09-18,1206999.1280270505
2017-09-19,1206339.367985659
2017-09-20,1205578.6064950312
2017-09-21,1203290.1690612973
2017-09-22,1184566.5900580217
2017-09-25,1173653.3254212167
2017-09-26,1173522.6040053084
2017-09-27,1157384.662102485
2017-09-28,1161331.4968952327
2017-09-29,1163667.4166194696
2017-10-03,1172096.0456050588
2017-10-04,1178682.0366569923
2017-10-05,1175567.3609310568
2017-10-06,1186385.428799616
2017-10-09,1187461.2683744135
2017-10-10,1190813.7038337241
2017-10-11,1186991.669682274
2017-10-12,1200258.732460767
2017-10-13,1208705.1237701874
2017-10-16,1216242.0376620009
2017-10-17,1216670.0748382476
2017-10-18,1213864.4403282516
2017-10-19,1206220.4881189715
2017-10-23,1210773.5637943775
2017-10-24,1213490.0384043579
2017-10-25,1223909.7890633424
2017-10-26,1229669.541823074
2017-10-27,1227202.784589309
2017-10-30,1232029.376832992
2017-10-31,1228659.0629562305
2017-11-01,1241165.2481504758
2017-11-02,1239179.9311580712
2017-11-03,1242591.8065507254
2017-11-06,1242508.5674253202
2017-11-07,1230424.4986327114
2017-11-08,1224837.1448984004
2017-11-09,1225526.6249064638
2017-11-10,1227048.2639813393
2017-11-13,1215540.7161047168
2017-11-14,1210981.6035610805
2017-11-15,1202832.411918379
2017-11-16,1214328.1182457807
2017-11-17,1222512.9506297647
2017-11-20,1224314.0270475277
2017-11-21,1227660.5417322277
2017-11-22,1229491.2220230429
2017-11-23,1230258.020381901
2017-11-24,1235126.1741414766
2017-11-27,1236297.0943909
2017-11-28,1232813.9375156814
2017-11-29,1231749.9394901046
2017-11-30,1215730.8774539686
2017-12-01,1203278.2114184569
2017-12-04,1203985.5698439712
2017-12-05,1202856.2111104403
2017-12-06,1194041.2225581168
2017-12-07,1208615.963870172
2017-12-08,1220379.1498976205
2017-12-11,1227107.703914683
2017-12-12,1217347.71329709
2017-12-13,1211736.560370718
2017-12-14,1218768.2348291094
2017-12-15,1228415.382448245
2017-12-18,1235013.2150493995
2017-12-19,1243863.8443430052
2017-12-20,1241605.1268759433
2017-12-21,1241141.4489584144
2017-12-22,1247406.4411515677
2017-12-26,1251983.3160190352
2017-12-27,1247138.961451521
2017-12-28,1245611.401602035
2017-12-29,1251888.235344409
2018-01-02,1241367.3671425683
2018-01-03,1241486.247009256
2018-01-04,1248809.200359756
2018-01-05,1255234.6339354892
2018-01-08,1262932.1053035026
2018-01-09,1264525.1419545626
2018-01-10,1263954.5418131868
2018-01-11,1266213.2592802485
2018-01-12,1269785.576055483
2018-01-15,1276954.008798013
2018-01-16,1272068.092714606
2018-01-17,1282541.362532324
2018-01-18,1285923.5179583062
2018-01-19,1295160.5068186463
2018-01-22,1303660.4172868
2018-01-23,1317628.801622577
2018-01-24,1317902.2020972343
2018-01-25,1315958.5627143423
2018-01-29,1323180.5146156056
2018-01-30,1313580.965380593
2018-01-31,1310971.529088079
2018-02-01,1309687.6497465784
2018-02-02,1279218.6470396854
2018-02-05,1268038.0187964533
2018-02-06,1248030.5604516768
2018-02-07,1245468.722543286
2018-02-08,1257374.4715358636
2018-02-09,1242883.0854428336
2018-02-12,1252964.0749192066
2018-02-14,1248345.6385358465
2018-02-15,1253647.6341526597
2018-02-16,1242568.007358664
2018-02-19,1233782.854866632
2018-02-20,1231643.0172662577
2018-02-21,1236047.4931083045
2018-02-22,1234294.0150746643
2018-02-23,1247174.602192803
2018-02-26,1258058.0307693165
2018-02-27,1254693.7537607853
2018-02-28,1247388.5627341166
2018-03-01,1243287.207333399
2018-03-05,1231458.6605979963
2018-03-06,1218429.473646498
2018-03-07,1207129.9655365786
2018-03-08,1217644.9129638087
2018-03-09,1215766.518195251
2018-03-12,1238894.6891341931
2018-03-13,1239542.491532744
2018-03-14,1237646.4505339747
2018-03-15,1231613.297299586
2018-03-16,1211998.1192961542
2018-03-19,1200003.0943099412
2018-03-20,1203581.3318597858
2018-03-21,1207254.7661778764
2018-03-22,1202440.1315770342
2018-03-23,1188566.827915883
2018-03-26,1204330.3678948127
2018-03-27,1210690.440762592
2018-03-28,1202315.3309357362
2018-04-02,1213977.3994203287
2018-04-03,1217924.2342130765
2018-04-04,1204062.888194766
2018-04-05,1227452.5019655246
2018-04-06,1228219.184230763
2018-04-09,1233895.6978650894
2018-04-10,1236618.0932496802
2018-04-11,1238389.4497007714
2018-04-12,1243322.964168301
2018-04-13,1245932.284367195
2018-04-16,1251608.7980015217
2018-04-17,1254028.0729447834
2018-04-18,1251353.2759443154
2018-04-19,1256001.4322943473
2018-04-20,1255852.832460988
2018-04-23,1258307.748145532
2018-04-24,1261832.4665366437
2018-04-25,1256625.5515944567
2018-04-26,1262242.6252954393
2018-04-27,1271099.1753636554
2018-04-30,1276692.4498725766
2018-05-02,1274160.3319308576
2018-05-03,1269595.4147062309
2018-05-04,1262296.1444541726
2018-05-07,1273857.2114895287
2018-05-08,1274130.6119641857
2018-05-09,1276971.8872154641
2018-05-10,1273982.0121308265
2018-05-11,1284675.2793580878
2018-05-14,1284687.1209073088
2018-05-15,1284122.4415405432
2018-05-16,1276900.4896392797
2018-05-17,1269957.9750809036
2018-05-18,1259698.6658044995
2018-05-21,1250223.9172107845
2018-05-22,1252601.5145445338
2018-05-23,1239958.57106615
2018-05-24,1249885.0399345534
2018-05-25,1260738.8646380147
2018-05-28,1270665.3335064182
2018-05-29,1264085.263229095
2018-05-30,1261832.4665366437
2018-05-31,1276312.1271740727
2018-06-01,1271562.8532811846
2018-06-04,1263514.6630877191
2018-06-05,1259312.3062377651
2018-06-06,1270189.8140396683
2018-06-07,1280139.9660065132
2018-06-08,1280056.8429747277
2018-06-11,1282351.2011830718
2018-06-12,1288996.5160747294
2018-06-13,1290643.0718845227
2018-06-14,1284859.5199327294
2018-06-15,1286006.7570837114
2018-06-18,1283884.6818071683
2018-06-19,1273256.891381481
2018-06-20,1280579.8447319807
2018-06-21,1276900.4896392797
2018-06-22,1286500.0388742925
2018-06-25,1279438.6444492291
2018-06-26,1280235.1627747589
2018-06-27,1268614.6558060593
2018-06-28,1258830.749902785
2018-06-29,1273714.5324307797
2018-07-02,1266938.380029594
2018-07-03,1272002.732006652
2018-07-04,1280324.3226747746
2018-07-05,1277928.8469235743
2018-07-06,1280651.2423081652
2018-07-09,1290191.3516098342
2018-07-10,1301407.6205943485
2018-07-11,1301532.4212356464
2018-07-12,1310436.5696879853
2018-07-13,1309925.4094799533
2018-07-16,1300171.223543351
2018-07-17,1308635.4932702223
2018-07-18,1305354.4553870964
2018-07-19,1302578.5408437722
2018-07-20,1308891.1314210484
2018-07-23,1317753.6022638748
2018-07-24,1323644.0764395148
2018-07-25,1323370.6759648577
2018-07-26,1327567.1120402012
2018-07-27,1340768.6980171201
2018-07-30,1345666.5717433677
2018-07-31,1350059.2060361935
2018-08-01,1348834.7666280365
2018-08-02,1336768.460159259
2018-08-03,1350570.3662442255
2018-08-06,1353696.883519382
2018-08-07,1353976.3208622695
2018-08-08,1361174.4735714714
2018-08-09,1363635.310030626
2018-08-10,1358737.4363043783
2018-08-13,1349970.0461361778
2018-08-14,1359403.1171203803
2018-08-16,1353453.2030113966
2018-08-17,1363641.2308052364
2018-08-20,1373270.500006921
2018-08-21,1375547.0958914338
2018-08-23,1376955.7758742324
2018-08-24,1373906.460856251
2018-08-27,1389937.4805352276
2018-08-28,1395471.315110805
2018-08-29,1389931.559760617
2018-08-30,1388136.4041174646
2018-08-31,1388576.282842932
2018-09-03,1376908.1774901096
2018-09-04,1369531.7049808763
2018-09-05,1364378.3091974226
2018-09-06,1371505.18042406
2018-09-07,1377710.6165902498
2018-09-10,1359759.7567204428
2018-09-11,1341856.4952347584
2018-09-12,1351652.2426872535
2018-09-14,1368925.4640982181
2018-09-17,1352585.403203302
2018-09-18,1340834.1748186941
2018-09-19,1335537.9838828717
2018-09-21,1324690.1960476406
2018-09-24,1303803.096345549
2018-09-25,1315697.0037889057
2018-09-26,1314074.247171174
2018-09-27,1305009.6573362548
2018-09-28,1299410.4620527232
2018-10-01,1308665.2132368942
2018-10-03,1290827.312459164
2018-10-04,1260037.4269871109
2018-10-05,1226418.2239066197
2018-10-08,1230174.7812564957
2018-10-09,1224587.4275221848
2018-10-10,1243495.2471001022
2018-10-11,1216693.874030309
2018-10-12,1244969.4038844747
2018-10-15,1249724.5985519732
2018-10-16,1258313.6689201426
2018-10-17,1242657.1672586794
2018-10-19,1224884.6271889035
2018-10-22,1217953.9541797482
2018-10-23,1206250.2080856434
2018-10-24,1215516.9169126553
2018-10-25,1203646.8086613598
2018-10-26,1192365.0628752715
2018-10-29,1218619.6349957502
2018-10-30,1212384.4788628884
2018-10-31,1234757.5768985734
2018-11-01,1234026.5353746174
2018-11-02,1254539.2331528156
2018-11-05,1251091.717018879
2018-11-06,1251804.9962190038
2018-11-07,1259936.4255378745
2018-11-09,1258367.188078876
2018-11-12,1246122.561810067
2018-11-13,1258046.1892200958
2018-11-14,1257309.1108279095
2018-11-15,1262111.903879531
2018-11-16,1269898.53514756
2018-11-19,1279551.603541306
2018-11-20,1266807.658613686
2018-11-21,1260132.5076617368
2018-11-22,1251418.6366522696
2018-11-26,1263526.50463694
2018-11-27,1270302.6570381254
2018-11-28,1275444.2112723584
2018-11-29,1290880.8316178976
2018-11-30,1293026.5899928822
2018-12-03,1293858.7490596946
2018-12-04,1292164.7109593982
2018-12-05,1281869.7609417117
2018-12-06,1260263.3451712648
2018-12-07,1271265.6536144658
2018-12-10,1246865.5609768636
2018-12-11,1254081.5921035167
2018-12-12,1276484.4101058736
2018-12-13,1282898.0021323862
2018-12-14,1284550.47871679
2018-12-17,1294405.550009009
2018-12-18,1296824.8249522708
2018-12-19,1303791.1387027083
2018-12-20,1301936.6592198317
2018-12-21,1278434.086356996
2018-12-24,1267675.4584217805
2018-12-26,1275563.0911390458
2018-12-27,1281501.1636988085
2018-12-28,1291023.5106766464
2018-12-31,1291338.4726671963
2019-01-02,1283010.9612244633
2019-01-03,1268715.6572552957
2019-01-04,1275265.891472327
2019-01-07,1280550.1247653088
2019-01-08,1284158.1983754453
2019-01-09,1290458.831309881
2019-01-10,1286470.3189076206
2019-01-11,1283302.2401165715
2019-01-14,1276484.4101058736
2019-01-15,1294221.3094343673
2019-01-16,1294637.3889677734
2019-01-17,1296408.7454188645
2019-01-18,1296616.7851855676
2019-01-21,1303143.2202105375
2019-01-22,1298495.0638605056
2019-01-23,1287647.2760252745
2019-01-24,1289822.754366931
2019-01-25,1281590.3235988242
2019-01-28,1267443.6194630158
2019-01-29,1266332.1391469361
2019-01-30,1266284.540762813
2019-01-31,1287581.9153173203
2019-02-01,1295035.7061773483
2019-02-04,1297246.8252602874
2019-02-05,1299874.0238766323
2019-02-06,1315102.6044554685
2019-02-07,1315928.8427476704
2019-02-08,1300973.6626434913
2019-02-11,1294459.0691677423
2019-02-12,1287635.4344760536
2019-02-14,1277488.9681981066
2019-02-15,1274915.288740495
2019-02-18,1264994.740646702
2019-02-19,1260643.667869769
2019-02-20,1276228.8880486675
2019-02-21,1282695.8831402936
2019-02-22,1282909.959775227
2019-02-25,1293424.7911088374
2019-02-26,1288098.996299963
2019-02-27,1284693.157775539
2019-02-28,1283010.9612244633
2019-03-01,1291451.4317592734
2019-03-05,1306186.6144539085
2019-03-06,1313979.1664965479
2019-03-07,1314597.3650220467
2019-03-08,1311886.9272802966
2019-03-11,1327656.271940217
2019-03-12,1343485.1726271007
2019-03-13,1348299.8072279429
2019-03-14,1348484.0478025845
2019-03-15,1358422.3582202087
2019-03-18,1362624.8311637824
2019-03-19,1370970.2210239666
2019-03-20,1369620.8648808917
2019-03-22,1361994.7910890628
2019-03-25,1349791.7263361467
2019-03-26,1365127.2291388297
2019-03-27,1360585.9950126444
2019-03-28,1375440.0575739671
2019-04-01,1387227.0427934772
2019-04-02,1392463.677702336
2019-04-03,1384231.2469342293
2019-04-04,1378768.6938412162
2019-04-05,1386846.6040013535
2019-04-08,1379541.4129746847
2019-04-09,1387559.8832014783
2019-04-10,1377140.016448874
2019-04-11,1378614.1732332464
2019-04-12,1384171.8070008855
2019-04-15,1389747.2030923557
2019-04-16,1401254.867062598
2019-04-18,1397171.2739857119
2019-04-22,1378346.6935331996
2019-04-23,1376147.4159994817
2019-04-24,1394003.1951946628
2019-04-25,1383975.6087834032
2019-04-26,1397391.2713952556
2019-04-30,1396618.552261787
2019-05-02,1393836.7169438524
2019-05-03,1392350.718610259
2019-05-06,1378798.413807888
2019-05-07,1366868.865623249
2019-05-08,1350409.9248616456
2019-05-09,1343556.4541096652
2019-05-10,1340834.1748186941
2019-05-13,1325296.5530239185
2019-05-14,1334075.78474134
2019-05-15,1326342.6726320442
2019-05-16,1338242.5008500116
2019-05-17,1356080.5177213615
2019-05-20,1406140.783146005
2019-05-21,1391976.2005927456
2019-05-22,1395400.0336282405
2019-05-23,1385788.5267503872
2019-05-24,1408024.9825955534
2019-05-27,1417612.6902813453
2019-05-28,1418088.2097480951
2019-05-29,1410045.9403292402
2019-05-30,1420127.045899233
2019-05-31,1417380.8513225808
2019-06-03,1437085.189226028
2019-06-04,1429132.1958008085
2019-06-06,1407983.4210796608
2019-06-07,1411181.3359310015
2019-06-10,1417369.00977336
2019-06-11,1422468.8863980803
2019-06-12,1415407.4919730169
2019-06-13,1416340.6524890654
2019-06-14,1405552.3045871782
2019-06-17,1387583.6823935397
2019-06-18,1389883.9613764943
2019-06-19,1389878.0406018838
2019-06-20,1406556.8626794112
2019-06-21,1393759.3985930576
2019-06-24,1390852.878727445
2019-06-25,1402360.4266040677
2019-06-26,1408435.1413543492
2019-06-27,1407721.8621542244
2019-06-28,1401456.869961071
2019-07-01,1410580.8997293338
2019-07-02,1415894.8529889875
2019-07-03,1416661.6513478456
2019-07-04,1420228.0473484695
2019-07-05,1404107.9838630974
2019-07-08,1374084.780656282
2019-07-09,1373763.897891122
2019-07-10,1366987.7454899363
2019-07-11,1376973.6542916833
2019-07-12,1373359.6599069366
2019-07-15,1377621.4566902344
2019-07-16,1386448.2867917786
2019-07-17,1389408.4419097444
2019-07-18,1378637.9724253078
2019-07-19,1357518.917670832
2019-07-22,1348834.7666280365
2019-07-23,1347033.6902102735
2019-07-24,1339930.6181756975
2019-07-25,1337654.1383848044
2019-07-26,1341476.0564426347
2019-07-29,1330170.6275581047
2019-07-30,1317830.9206146698
2019-07-31,1321706.3578312332
2019-08-01,1305300.936228363
2019-08-02,1307363.4554779427
2019-08-05,1291344.3934418068
2019-08-06,1301526.500461036
2019-08-07,1290500.3928257737
2019-08-08,1311536.2084548445
2019-08-09,1320713.7573818408
2019-08-13,1298863.5450097888
2019-08-14,1311173.6480801718
2019-08-16,1313360.9679710492
2019-08-19,1314086.2048140145
2019-08-20,1309699.4912957991
2019-08-21,1298013.6236191455
2019-08-22,1276930.2096059516
2019-08-23,1287391.6378744484
2019-08-26,1314555.6874125341
2019-08-27,1320202.4810801889
2019-08-28,1313158.8489789565
2019-08-29,1301532.4212356464
2019-08-30,1310442.4904625958
2019-09-03,1283652.9589420236
2019-09-04,1289210.5927096626
2019-09-05,1289596.9522763968
2019-09-06,1301282.8199530507
2019-09-09,1308041.0939367851
2019-09-11,1311922.5680215787
2019-09-12,1305633.776636364
2019-09-13,1316701.5618811387
2019-09-16,1308094.6130955184
2019-09-17,1285994.7994408708
2019-09-18,1288735.0732429128
2019-09-19,1272585.1736972488
2019-09-20,1340275.416226539
2019-09-23,1379030.2527666527
2019-09-24,1377603.694366403
2019-09-25,1360009.4740966582
2019-09-26,1375582.7366327161
2019-09-27,1368592.6236902173
2019-09-30,1364081.1095307039
2019-10-01,1350463.4440203789
2019-10-03,1345006.8117019762
2019-10-04,1328452.7902657469
2019-10-07,1322704.9951488557
2019-10-09,1344923.572576571
2019-10-10,1335561.783074933
2019-10-11,1343942.8136763994
2019-10-14,1348234.4465199888
2019-10-15,1358594.7572456296
2019-10-16,1362838.791705096
2019-10-17,1377383.6969568594
2019-10-18,1386359.126891763
2019-10-22,1377621.4566902344
2019-10-23,1379493.814590562
2019-10-24,1376937.8974567812
2019-10-25,1377092.534158371
2019-10-29,1401219.1102276961
2019-10-30,1408024.9825955534
2019-10-31,1411989.6958057522
2019-11-01,1413552.8963965205
2019-11-04,1419580.128856299
2019-11-05,1416715.1705065789
2019-11-06,1422522.4055568136
2019-11-07,1427990.879424437
2019-11-08,1415639.3309317813
2019-11-11,1416269.371006501
2019-11-13,1407591.140738316
2019-11-14,1411353.6188628024
2019-11-15,1414129.5334061265
2019-11-18,1412827.7756471748
2019-11-19,1419437.44979755
2019-11-20,1426451.3619321105
2019-11-21,1422801.842899701
2019-11-22,1416382.330098578
2019-11-25,1435325.7904177776
2019-11-26,1431040.1944424184
2019-11-27,1438529.6260437288
2019-11-28,1444527.1385368353
2019-11-29,1433221.5935586854
2019-12-02,1432288.4330426368
2019-12-03,1425868.9202415138
2019-12-04,1431694.0337091994
2019-12-05,1428745.8362340743
2019-12-06,1417226.330714611
2019-12-09,1419128.4085816105
2019-12-10,1409534.7801212082
2019-12-11,1415877.0906651563
2019-12-12,1423205.9647902667
2019-12-13,1436865.3079101043
2019-12-16,1432971.9922760897
2019-12-17,1446173.5782530087
2019-12-18,1452908.1691383016
2019-12-19,1457431.5248470355
2019-12-20,1458869.924796506
2019-12-23,1457794.0852217085
2019-12-24,1452064.0524286486
2019-12-26,1441602.6241601517
2019-12-27,1455779.048262632
2019-12-30,1456973.7677041169
2019-12-31,1446583.7370118045
2020-01-01,1448253.9759200395
2020-01-02,1460106.3218475035
2020-01-03,1453502.5684717388
2020-01-06,1425732.1619573752
2020-01-07,1432853.1124094024
2020-01-08,1429571.9584326565
2020-01-09,1452224.6099048487
2020-01-10,1457086.726796194
2020-01-13,1465735.237097707
2020-01-14,1469628.5527317217
2020-01-15,1467369.8352646597
2020-01-16,1468820.1928569707
2020-01-17,1468445.6748394573
2020-01-20,1453252.8510955232
2020-01-21,1446750.099168995
2020-01-22,1439266.704435915
2020-01-23,1447998.3377692134
2020-01-24,1456070.3271547402
2020-01-27,1440705.1043853853
2020-01-28,1433191.8735920137
2020-01-29,1441953.3429856037
2020-01-30,1430814.2762582644
2020-01-31,1422052.8068646742
2020-02-03,1391833.6376276165
2020-02-04,1424139.241399935
2020-02-05,1437156.5868022125
2020-02-06,1442957.9010778368
2020-02-07,1438250.1887008413
2020-02-10,1430303.1160502322
2020-02-11,1439385.5843026023
2020-02-12,1450477.052645819
2020-02-13,1447320.8154039907
2020-02-14,1440045.3443439938
2020-02-17,1432003.074925139
2020-02-18,1425666.801249421
2020-02-19,1441525.4219029767
2020-02-20,1436169.7910338107
2020-02-24,1406277.5414301434
2020-02-25,1402532.8256294883
2020-02-26,1388338.523109557
2020-02-27,1382965.1299165597
2020-02-28,1331662.5466663083
2020-03-02,1323459.8358648731
2020-03-03,1343734.7739096964
2020-03-04,1337517.3801006658
2020-03-05,1339657.2177010404
2020-03-06,1306424.3741872835
2020-03-09,1242467.0059094275
2020-03-11,1243293.2442016294
2020-03-12,1140075.799950238
2020-03-13,1183472.872065773
2020-03-16,1093385.7323087363
2020-03-17,1066001.6853611069
2020-03-18,1006769.7917840775
2020-03-19,982357.8575972546
2020-03-20,1039657.9533406126
2020-03-23,904705.5054582787
2020-03-24,927387.760803523
2020-03-25,988824.8526888808
2020-03-26,1027294.4472051163
2020-03-27,1029529.3654801167
2020-03-30,984456.0175881165
2020-03-31,1022099.3738121501
2020-04-01,981210.6204462727
2020-04-03,961001.0431094036
2020-04-07,1045215.5871082516
2020-04-08,1040050.2336819572
2020-04-09,1083221.503706958
2020-04-13,1069187.642569607
2020-04-15,1061038.4509269053
2020-04-16,1069062.841928309
2020-04-17,1101630.004626064
2020-04-20,1101047.4468418476
2020-04-21,1067713.6018788542
2020-04-22,1092184.975999021
2020-04-23,1107235.236777826
2020-04-24,1088273.8980411752
2020-04-27,1103478.5633343302
2020-04-28,1115200.187845886
2020-04-29,1135700.9279812435
2020-04-30,1172143.6439891816
2020-05-04,1104810.0410599536
2020-05-05,1094360.4543406777
2020-05-06,1102123.402510265
2020-05-07,1093581.8144325987
2020-05-08,1099817.08665908
2020-05-11,1098354.8875175484
2020-05-12,1093284.61476588
2020-05-13,1115515.149836436
2020-05-14,1086888.9011568185
2020-05-15,1086187.4635059144
2020-05-18,1048906.7837501734
2020-05-19,1055546.1778672205
2020-05-20,1077830.2320965095
2020-05-21,1082549.786022726
2020-05-22,1074584.8349546657
2020-05-26,1073372.2370957297
2020-05-27,1107360.0374191238
2020-05-28,1128181.7764132614
2020-05-29,1138904.7636071946
2020-06-01,1168131.4484884797
2020-06-02,1186314.0312234317
2020-06-03,1196115.699450537
2020-06-04,1192258.024557805
2020-06-05,1205697.4863617185
2020-06-08,1208705.1237701874
2020-06-09,1194344.4590930657
2020-06-10,1202606.6098278444
2020-06-11,1177148.439939276
2020-06-12,1185577.0689248652
2020-06-15,1166651.3709294968
2020-06-16,1178574.9983395257
2020-06-17,1174669.8411562904
2020-06-18,1199694.0530940017
2020-06-19,1217852.9527305118
2020-06-22,1225794.1046065106
2020-06-23,1244791.0840844435
2020-06-24,1225092.6669556065
2020-06-25,1223143.106798104
2020-06-26,1234329.6558159466
2020-06-29,1225936.7836652594
2020-06-30,1224712.2281634826
2020-07-01,1239922.9303248678
2020-07-02,1254384.7125448459
2020-07-03,1261000.3074698313
2020-07-06,1279581.3235079779
2020-07-07,1283860.9987087266
2020-07-08,1272698.132789326
2020-07-09,1285501.5176502897
2020-07-10,1280104.3252652308
2020-07-13,1284223.5590833994
2020-07-14,1261000.3074698313
2020-07-15,1262290.2236795623
2020-07-16,1276763.847448761
2020-07-17,1295992.6658854585
2020-07-20,1310317.689821298
2020-07-21,1326966.7919321535
2020-07-22,1323441.9574474222
2020-07-23,1333291.2240586507
2020-07-24,1330759.1061169314
2020-07-27,1323346.8767727963
2020-07-28,1343407.8542763058
2020-07-29,1331793.2680822166
2020-07-30,1319822.1583816847
2020-07-31,1316410.2829890305
2020-08-03,1294791.9095757431
2020-08-04,1319001.8408640933
2020-08-05,1319762.7184483411
2020-08-06,1331472.3853170562
2020-08-07,1333124.7458078403
2020-08-10,1339793.9759851787
2020-08-11,1346017.2905688197
2020-08-12,1344341.1308859743
2020-08-13,1343396.012727085
2020-08-14,1328886.7482166039
2020-08-17,1337053.702183137
2020-08-18,1353488.843752679
2020-08-19,1356229.1175547207
2020-08-20,1344792.8511606627
2020-08-21,1351854.2455857263
2020-08-24,1363130.0705972041
2020-08-25,1363819.5506052675
2020-08-26,1373014.861856095
2020-08-27,1374162.099007077
2020-08-28,1384665.0887914666
2020-08-31,1353744.4819035048
2020-09-01,1363581.7908718926
2020-09-02,1371279.262239906
2020-09-03,1370381.7424651396
2020-09-04,1347366.5306182746
2020-09-07,1349886.8070107726
2020-09-08,1345405.0128179314
2020-09-09,1340727.1365012275
2020-09-10,1361085.313671456
2020-09-11,1362892.3108638292
2020-09-14,1359991.5956792072
2020-09-15,1369710.0247809074
2020-09-16,1379547.3337492952
2020-09-17,1369032.386322065
2020-09-18,1367706.9454646716
2020-09-21,1337463.8609419325
2020-09-22,1325944.4715160893
2020-09-23,1323352.7975474065
2020-09-24,1284562.320266011
2020-09-25,1313652.2468631575
2020-09-28,1334729.624008121
2020-09-29,1334117.4623508523
2020-09-30,1337107.2213418703
2020-10-01,1357245.5171961747
2020-10-05,1367516.6680217998
2020-10-06,1386424.603693337
2020-10-07,1395512.8766266976
2020-10-08,1406895.6238620225
2020-10-09,1416358.5309065166
2020-10-12,1418349.7686735315
2020-10-13,1418771.768981548
2020-10-14,1423116.804890251
2020-10-15,1388558.404425481
2020-10-16,1398318.5111366939
2020-10-19,1411466.5779548795
2020-10-20,1414289.9747887067
2020-10-21,1419146.2869990615
2020-10-22,1414248.4132728141
2020-10-23,1418278.3710973472
2020-10-26,1398948.5512114135
2020-10-27,1413410.3334313913
2020-10-28,1394413.2378598386
2020-10-29,1387423.1249173398
2020-10-30,1384047.0063595877
2020-11-02,1387227.0427934772
2020-11-03,1404387.305112365
2020-11-04,1415680.892447674
2020-11-05,1440859.624993355
2020-11-06,1457889.1658963345
2020-11-09,1481367.9395671086
2020-11-10,1501583.437678588
2020-11-11,1515617.298815939
2020-11-12,1508680.5889385538
2020-11-13,1512145.9834899413
2020-11-17,1530483.2029264828
2020-11-18,1538097.435169091
2020-11-19,1518298.0165910176
2020-11-20,1528682.1265087198
2020-11-23,1536694.6759609028
2020-11-24,1551994.5380223035
2020-11-25,1528604.9242515448
2020-11-26,1543892.8286701047
2020-11-27,1541747.07029512
2020-12-01,1558402.093180586
2020-12-02,1558960.851772741
2020-12-03,1561356.3275239412
2020-12-04,1576174.6332503618
2020-12-07,1587729.7795111074
2020-12-08,1592152.133770605
2020-12-09,1608337.5579639315
2020-12-10,1602298.4839549323
2020-12-11,1606524.6399969477
2020-12-14,1611791.1109660983
2020-12-15,1612944.1527980708
2020-12-16,1626597.575143298
2020-12-17,1633492.6074111708
2020-12-18,1635852.3263274692
2020-12-21,1584478.461594653
2020-12-22,1600871.9255546827
2020-12-23,1616896.908365429
2020-12-24,1634509.0070526248
2020-12-28,1649244.18974726
2020-12-29,1656305.5841723236
2020-12-30,1662172.3752495218
2020-12-31,1662148.5760574604
2021-01-01,1666517.4111582246
2021-01-04,1680117.3143447186
2021-01-05,1688034.6670286558
2021-01-06,1681704.3141275484
2021-01-07,1680646.236876582
2021-01-08,1705599.1673317286
2021-01-11,1721945.1490012552
2021-01-12,1731301.0177282826
2021-01-13,1731467.379885473
2021-01-14,1735122.9357861127
2021-01-15,1715876.355025584
2021-01-18,1697759.0169049664
2021-01-19,1726272.4225861267
2021-01-20,1740960.006896639
2021-01-21,1734498.8164860036
2021-01-22,1708529.6024830227
2021-01-25,1692718.5802135898
2021-01-27,1660454.537957164
2021-01-28,1642628.4787286546
2021-01-29,1620879.383899459
2021-02-01,1697747.1753557457
2021-02-02,1741334.4088205327
2021-02-03,1758227.3075329934
2021-02-04,1770792.9326605822
2021-02-05,1774192.8504103958
2021-02-08,1796964.2656556559
2021-02-09,1796191.5465221873
2021-02-10,1795858.7061141864
2021-02-11,1803799.857990185
2021-02-12,1802611.0593233104
2021-02-15,1820609.5175772405
2021-02-16,1820460.9177438812
2021-02-17,1808032.0509004307
2021-02-18,1797338.7836731693
2021-02-19,1781028.4427449252
2021-02-22,1744645.2827639505
2021-02-23,1748461.2800471701
2021-02-24,1781058.162711597
2021-02-25,1794770.9088965482
2021-02-26,1727223.4615196264
2021-03-01,1754851.0728816213
2021-03-02,1773580.5726595074
2021-03-03,1812394.8491329649
2021-03-04,1792797.549546984
2021-03-05,1775839.2901265693
2021-03-08,1777991.0853697844
2021-03-09,1794895.8256314658
2021-03-10,1803978.1777902162
2021-03-12,1786877.3554046722
2021-03-15,1774816.969710505
2021-03-16,1772552.331468833
2021-03-17,1750066.1582474508
2021-03-18,1730635.220818661
2021-03-19,1752764.7544399803
2021-03-22,1751861.3138906036
2021-03-23,1761175.5050081185
2021-03-24,1729630.7788200476
2021-03-25,1702942.2487487118
2021-03-26,1724625.8667763334
2021-03-30,1764783.462524635
2021-03-31,1746428.4807642624
2021-04-01,1767428.5395584311
2021-04-05,1740139.6893790476
2021-04-06,1745572.5225053888
2021-04-07,1761686.6652161507
2021-04-08,1768195.3379172892
2021-04-09,1763564.9438910887
2021-04-12,1701265.9729722466
2021-04-13,1724328.6671096147
2021-04-15,1733440.855328657
2021-04-16,1737768.0128199088
2021-04-19,1707049.5249240398
2021-04-20,1699554.172548119
2021-04-22,1712601.2379170684
2021-04-23,1704897.7296808248
2021-04-26,1721974.868967927
2021-04-27,1741952.6073460316
2021-04-28,1767095.6991504303
2021-04-29,1770703.7727605668
2021-04-30,1739343.1710535176
2021-05-03,1739705.8475218103
2021-05-04,1723341.9874348328
2021-05-05,1737768.0128199088
2021-05-06,1750482.2377808571
2021-05-07,1762174.142325741
2021-05-10,1776344.529559991
2021-05-11,1765455.1802088672
2021-05-12,1747117.9607723258
2021-05-14,1744894.8840465462
2021-05-17,1774062.1289944877
2021-05-18,1796048.8674634383
2021-05-19,1786782.2747300463
2021-05-20,1772029.21361796
2021-05-21,1804037.61772356
2021-05-24,1806700.573174807
2021-05-25,1807978.5317416973
2021-05-26,1819034.3593436314
2021-05-27,1823361.5168348835
2021-05-28,1834988.0606718133
2021-05-31,1852481.163398702
2021-06-01,1851536.0452398125
2021-06-02,1851696.6027160124
2021-06-03,1865266.6698422148
2021-06-04,1862877.2309592445
2021-06-07,1872554.098545052
2021-06-08,1871180.9432099161
2021-06-09,1858728.2771744041
2021-06-10,1870901.6219606483
2021-06-11,1878224.5753111483
2021-06-14,1879710.5736447417
2021-06-15,1886534.32443005
2021-06-16,1874444.2187692109
2021-06-17,1865391.5865771323
2021-06-18,1864434.5107754024
2021-06-21,1871941.8207941637
2021-06-22,1875062.4172947097
2021-06-23,1864862.5479516492
2021-06-24,1877166.6141538017
2021-06-25,1885476.2471790838
2021-06-28,1880049.4509209727
2021-06-29,1872173.6597529282
2021-06-30,1868969.8241269772
2021-07-01,1864036.3096594473
2021-07-02,1869053.0632523824
2021-07-05,1882385.3706452097
2021-07-06,1880471.4512289893
2021-07-07,1887770.7214810476
2021-07-08,1869730.7017112249
2021-07-09,1865201.3091342605
2021-07-12,1865534.1495422614
2021-07-13,1879770.0135780855
2021-07-14,1884715.4856884559
2021-07-15,1893066.7963232503
2021-07-16,1892971.715648624
2021-07-19,1872643.2584450678
2021-07-20,1858341.91760767
2021-07-22,1881160.9312370527
2021-07-23,1884965.0869710515
2021-07-26,1881208.5296211757
2021-07-27,1871935.9000195533
2021-07-28,1867531.4241775067
2021-07-29,1875740.0557535521
2021-07-30,1873909.2593691174
2021-08-02,1888424.5607478286
2021-08-03,1917621.409568822
2021-08-04,1932843.953279428
2021-08-05,1937099.8292881153
2021-08-06,1930395.0744631141
2021-08-09,1932778.592571474
2021-08-10,1935376.071221147
2021-08-11,1935631.709371973
2021-08-12,1945397.736857796
2021-08-13,1964977.1580263257
2021-08-16,1969013.268812709
2021-08-17,1975141.386628104
2021-08-18,1969702.6327271524
2021-08-20,1955633.246942139
2021-08-23,1961095.6839415322
2021-08-24,1976330.1852949786
2021-08-25,1977525.0208300834
2021-08-26,1977792.5005301302
2021-08-27,1985911.8561125405
2021-08-30,2012761.059753696
2021-08-31,2036673.559188088
2021-09-01,2030022.3235218201
2021-09-02,2048793.5009092186
2021-09-03,2059427.2121095166
2021-09-06,2065870.6401963208
2021-09-07,2064004.0869769838
2021-09-08,2062981.7665609196
2021-09-09,2064854.1244612471
2021-09-13,2063195.8431958528
2021-09-14,2066132.0830281375
2021-09-15,2082709.7875628085
2021-09-16,2095792.6097666598
2021-09-17,2090520.3341165187
2021-09-20,2068141.1992126035
2021-09-21,2087768.218765256
2021-09-22,2085943.4592490513
2021-09-23,2118789.827102454
2021-09-24,2122385.94306975
2021-09-27,2122611.861253904
2021-09-28,2109951.155451689
2021-09-29,2105517.07573659
2021-09-30,2094443.3697172052
2021-10-01,2084207.8596328623
2021-10-04,2103133.441534611
2021-10-05,2118712.740938899
2021-10-06,2097754.127567003
2021-10-07,2114914.3898858908
2021-10-08,2127378.8974706233
2021-10-11,2133412.0507050124
2021-10-12,2138880.5245726355
2021-10-13,2159066.418811063
2021-10-14,2180084.4721163027
2021-10-18,2196549.3336525164
2021-10-19,2189618.5445497413
2021-10-20,2171530.926395796
2021-10-21,2161010.058193955
2021-10-22,2153496.943494203
2021-10-25,2154745.1820944217
2021-10-26,2171745.003030729
2021-10-27,2164915.2153771906
2021-10-28,2122867.49940473
2021-10-29,2100803.4425849845
2021-11-01,2131474.4481903506
2021-11-02,2126635.898303827
2021-11-03,2119532.826269251
2021-11-04,2129946.8883408643
2021-11-08,2147986.908110687
2021-11-09,2145098.034475286
2021-11-10,2141882.241206494
2021-11-11,2124811.138787622
2021-11-12,2152052.5066765025
2021-11-15,2152848.908908413
2021-11-16,2139742.4036061196
2021-11-17,2127789.172323039
2021-11-18,2111877.1486043697
2021-11-22,2070477.2350304602
2021-11-23,2080795.8681465883
2021-11-24,2070298.915230429
2021-11-25,2084707.0621980538
2021-11-26,2024102.0132858884
2021-11-29,2027371.2096197938
2021-11-30,2018960.4590516556
2021-12-01,2040798.8298744867
2021-12-02,2068705.878579369
2021-12-03,2044341.3105894292
2021-12-06,2010526.0253850757
2021-12-07,2041963.71325568
2021-12-08,2076801.5510633374
2021-12-09,2082400.746346869
2021-12-10,2081741.1023990975
2021-12-13,2064735.2445945598
2021-12-14,2059581.848811106
2021-12-15,2047277.7826089535
2021-12-16,2050487.539009515
2021-12-17,2019198.2187850305
2021-12-20,1975093.788243981
2021-12-21,1993716.3657980203
2021-12-22,2015661.5427510785
2021-12-23,2029588.365570963
2021-12-24,2021403.533186979
2021-12-27,2031211.1221886948
2021-12-28,2048686.462591752
2021-12-29,2046350.4267738953
2021-12-30,2045203.1896229135
2021-12-31,2063047.2433624936
2022-01-03,2095340.7733983516
2022-01-04,2116685.7463369817
2022-01-05,2130951.3303394774
2022-01-06,2109630.2726865285
2022-01-07,2117571.3084689076
2022-01-10,2140229.9968093303
2022-01-11,2146465.152942192
2022-01-12,2165081.693628001
2022-01-13,2170484.92288129
2022-01-14,2170241.1262796847
2022-01-17,2176464.4408633257
2022-01-18,2153277.0621782793
2022-01-19,2132514.6470238655
2022-01-20,2110949.7927693115
2022-01-21,2094324.4898505176
2022-01-24,2038682.675372554
2022-01-25,2054000.2997577859
2022-01-27,2034052.397439973
2022-01-28,2033077.443220792
2022-01-31,2061359.0099431877
2022-02-01,2089533.538348117
2022-02-02,2113684.0297031235
2022-02-03,2087554.1421303228
2022-02-04,2082335.5017325347
2022-02-07,2046350.4267738953
2022-02-08,2052668.938125782
2022-02-09,2076094.3087314428
2022-02-10,2092981.0544820535
2022-02-11,2065507.9637280283
2022-02-14,2002269.9115185272
2022-02-15,2062856.849826002
2022-02-16,2059260.7338587062
2022-02-17,2057168.4946424547
2022-02-18,2053804.3337275432
2022-02-21,2045524.3045753133
2022-02-22,2031918.3645205891
2022-02-23,2028476.885254883
2022-02-24,1931554.153163317
2022-02-25,1980348.417663911
2022-02-28,1996456.6396000623
2022-03-02,1974113.0293438095
2022-03-03,1961286.0774780237
2022-03-04,1931244.9958537577
2022-03-07,1885809.2036807043
2022-03-08,1903676.8244251064
2022-03-09,1943132.9825225042
2022-03-10,1972799.5461292567
2022-03-11,1977025.5860776524
2022-03-14,2005657.98771912
2022-03-15,1980895.2186132253
2022-03-16,2018027.2985356068
2022-03-17,2055082.2922944333
2022-03-21,2034937.9595718987
2022-03-22,2058464.331626796
2022-03-23,2050160.6193761246
2022-03-24,2047438.2239915335
2022-03-25,2039146.353290083
2022-03-28,2047349.064091518
2022-03-29,2059629.447195229
2022-03-30,2080189.6272639302
2022-03-31,2076207.1517299002
2022-04-01,2100660.6474326155
2022-04-04,2146185.8316929243
2022-04-05,2134773.3644909277
2022-04-06,2116971.1044544796
2022-04-07,2096987.4453017649
2022-04-08,2114201.1106857657
2022-04-11,2101195.606832709
2022-04-12,2083999.8198661592
2022-04-13,2077502.9887142414
2022-04-18,2041601.268974627
2022-04-19,2016042.0976368221
2022-04-20,2037190.87235797
2022-04-21,2067629.9229109515
2022-04-22,2041399.0338889146
2022-04-25,2015483.2229510471
2022-04-26,2044828.9037926395
2022-04-27,2025522.7670051474
2022-04-28,2050089.3378935598
2022-04-29,2033148.9568905963
2022-05-02,2029172.2860375568
2022-05-04,1982630.8182294143
2022-05-05,1983231.254431082
2022-05-06,1950967.2121746559
2022-05-09,1937961.7083215993
2022-05-10,1930614.9557790381
2022-05-11,1921942.6462854636
2022-05-12,1879252.9325954427
2022-05-13,1876179.9344790198
2022-05-16,1883330.488804099
2022-05-17,1932903.3932127717
2022-05-18,1930644.6757457098
2022-05-19,1879419.4108462532
2022-05-20,1933717.7899557527
2022-05-23,1927601.3975959588
2022-05-24,1916955.7287528203
2022-05-25,1905144.9443412486
2022-05-26,1922305.322753756
2022-05-27,1943977.099232157
2022-05-30,1980705.0572639732
2022-05-31,1971569.1859464895
2022-06-01,1964222.3173103083
2022-06-02,1976734.423279164
2022-06-03,1971539.4659798176
2022-06-06,1969785.9879461774
2022-06-07,1951573.453057314
2022-06-08,1944428.8195068454
2022-06-09,1958914.284825265
2022-06-10,1926067.8008782426
2022-06-13,1875258.615512192
2022-06-14,1870229.9042764164
2022-06-15,1865480.746477148
2022-06-16,1826066.0338020232
2022-06-17,1818089.2411847422
2022-06-20,1824823.832070035
2022-06-21,1859138.4359332
2022-06-22,1832331.0259951765
2022-06-23,1849372.5245409964
2022-06-24,1866324.7470931811
2022-06-27,1882111.9701705524
2022-06-28,1884269.686188378
2022-06-29,1878194.8553444764
2022-06-30,1875954.0162948656
2022-07-01,1872601.5808355552
2022-07-04,1882504.250511897
2022-07-05,1879591.693778054
2022-07-06,1900865.2691404999
2022-07-07,1917877.047719648
2022-07-08,1928302.719153243
2022-07-11,1927755.9182039285
2022-07-12,1909008.5400085913
2022-07-13,1898113.269882857
2022-07-14,1894784.633615608
2022-07-15,1907926.7796591832
2022-07-18,1935185.909871895
2022-07-19,1942562.3823811281
2022-07-20,1963996.3991261541
2022-07-21,1974029.9063120242
2022-07-22,1987605.8942128369
2022-07-25,1977091.0628792264
2022-07-26,1959597.844058718
2022-07-27,1978375.0583143467
2022-07-28,2012588.5446346554
2022-07-29,2039770.4725901922
2022-08-01,2061382.925228869
2022-08-02,2062024.6907591897
2022-08-03,2067101.000379088
2022-08-04,2066369.8427615124
2022-08-05,2068212.480695168
2022-08-08,2083381.5052470407
2022-08-10,2084528.7423980227
2022-08-11,2099299.56583394
2022-08-12,2103953.759052202
2022-08-16,2119063.343670731
2022-08-17,2133210.0478065396
2022-08-18,2134666.326173461
2022-08-19,2111122.075701113
2022-08-22,2079291.991395544
2022-08-23,2089610.8566989116
2022-08-24,2092874.0161645869
2022-08-25,2083066.427162871
2022-08-26,2087399.7376159728
2022-08-29,2058155.2904108565
2022-08-30,2111223.3093375885
2022-09-01,2085485.8181997526
2022-09-02,2085087.3848965578
2022-09-05,2100108.041802311
2022-09-06,2098895.3278497546
2022-09-07,2095186.3688840019
2022-09-08,2115913.0272035133
2022-09-09,2120026.2241534516
2022-09-12,2132270.8504222604
2022-09-13,2148165.2279107184
2022-09-14,2140283.3998744437
2022-09-15,2125262.9751559305
2022-09-16,2084065.0644804935
2022-09-19,2094930.7307331758
2022-09-20,2117993.424870544
2022-09-21,2106355.0394843933
2022-09-22,2095828.366601562
2022-09-23,2059873.0116095946
2022-09-26,2022895.5683888025
2022-09-27,2021837.491137836
2022-09-28,2004148.0740998455
2022-09-29,1999333.439499003
2022-09-30,2032174.0026714152
2022-10-03,2007565.87026711
2022-10-04,2053566.5739941683
2022-10-06,2060402.1663286975
2022-10-07,2058363.3301775595
2022-10-10,2049607.7815585798
2022-10-11,2019002.252754788
2022-10-12,2035651.2387720235
2022-10-13,2022663.613336418
2022-10-14,2043033.6320558672
2022-10-17,2058024.5689949482
2022-10-18,2078846.191895466
2022-10-19,2081853.9453975547
2022-10-20,2087999.9416304007
2022-10-21,2089468.2937337826
2022-10-24,2107829.1962687657
2022-10-25,2098984.4877497703
2022-10-27,2108566.158567332
2022-10-28,2114492.505671494
2022-10-31,2141287.8418730567
2022-11-01,2157122.779428171
2022-11-02,2149686.750891974
2022-11-03,2146102.476473899
2022-11-04,2153764.42319425
2022-11-07,2163946.5302134794
2022-11-09,2158501.7394442977
2022-11-10,2143189.919740056
2022-11-11,2181409.796880076
2022-11-14,2178966.9549319926
2022-11-15,2187793.7850335366
2022-11-16,2188536.7842003335
2022-11-17,2180720.4329656325
2022-11-18,2176411.037798212
2022-11-21,2158852.3421761296
2022-11-22,2168867.9709445485
2022-11-23,2171608.2447465905
2022-11-24,2197387.2974003195
2022-11-25,2200793.252018363
2022-11-28,2206737.245352736
2022-11-29,2213311.394855449
2022-11-30,2229990.1008393564
2022-12-01,2236427.4920579307
2022-12-02,2222589.829138062
2022-12-05,2223178.4237905084
2022-12-06,2216247.6346877334
2022-12-07,2206469.7656526896
2022-12-08,2212277.000702924
2022-12-09,2198873.295733913
2022-12-12,2198938.7725354866
2022-12-13,2212116.559320344
2022-12-14,2218334.0692229946
2022-12-15,2189160.903500443
2022-12-16,2171816.2845132938
2022-12-19,2189820.547448214
2022-12-20,2185642.1058839415
2022-12-21,2163506.535394392
2022-12-22,2154976.9049595664
2022-12-23,2116870.1030052435
2022-12-26,2141573.1999905547
2022-12-27,2155565.499612013
2022-12-28,2154400.38404358
2022-12-29,2162543.6549116713
2022-12-30,2152355.7432114515
2023-01-02,2163310.3371769097
2023-01-03,2167483.206247431
2023-01-04,2144943.3977736966
2023-01-05,2138904.439858317
2023-01-06,2123128.9422365464
2023-01-09,2151868.150008241
2023-01-10,2129631.8102566944
2023-01-11,2127438.337403967
2023-01-12,2122980.3424031874
2023-01-13,2134678.1677226815
2023-01-16,2127337.335954731
2023-01-17,2146173.9901437033
2023-01-18,2159494.33989369
2023-01-19,2152658.747559161
2023-01-20,2143124.675125722
2023-01-23,2153930.9014450605
2023-01-24,2153901.1814783886
2023-01-25,2126992.537903889
2023-01-27,2092802.7346820221
2023-01-30,2098104.7302988353
2023-01-31,2099674.0838514534
2023-02-01,2094223.4884012812
2023-02-02,2093522.0507503774
2023-02-03,2122487.176706226
2023-02-06,2111853.2333186883
2023-02-07,2106729.5575019065
2023-02-08,2124585.220603468
2023-02-09,2127170.8577039205
2023-02-10,2122778.3395047146
2023-02-13,2112602.2693537152
2023-02-14,2131498.131288792
2023-02-15,2141721.799823914
2023-02-16,2144099.3971576635
2023-02-17,2133204.010938309
2023-02-20,2121363.6226536855
2023-02-21,2119235.626602532
2023-02-22,2086852.9366666584
2023-02-23,2081735.065530867
2023-02-24,2076332.0684648177
2023-02-27,2067641.7644601725
2023-02-28,2057091.17629166
2023-03-01,2074560.7120137266
2023-03-02,2059225.2092110438
2023-03-03,2091613.9360151475
2023-03-06,2105534.7219668017
2023-03-08,2110640.751553372
2023-03-09,2091049.2566483822
2023-03-10,2070043.277079603
2023-03-13,2039300.9899916726
2023-03-14,2026105.324789364
2023-03-15,2017646.9758371029
2023-03-16,2019245.8171691534
2023-03-17,2032851.7572238776
2023-03-20,2019578.7736707742
2023-03-21,2033737.3193558033
2023-03-22,2039015.6318741746
2023-03-23,2030099.6418726149
2023-03-24,2014425.3778873205
2023-03-27,2019257.6587183743
2023-03-28,2015215.7432510005
2023-03-29,2030551.2460536833
2023-03-31,2063724.7657277163
2023-04-03,2068277.957496742
2023-04-05,2087179.856300049
2023-04-06,2092184.6522501432
2023-04-10,2095144.807368109
2023-04-11,2106824.7542701527
2023-04-12,2117535.783821245
2023-04-13,2119390.263304122
2023-04-17,2104987.9210174875
2023-04-18,2099436.3241180787
2023-04-19,2094514.6511997697
2023-04-20,2095192.1735649924
2023-04-21,2095144.807368109
2023-04-24,2109333.07301981
2023-04-25,2112406.071136233
2023-04-26,2117678.346786374
2023-04-27,2129738.8485741615
2023-04-28,2147564.791709051
2023-05-02,2157390.2591282176
2023-05-03,2150518.9099587863
2023-05-04,2170247.163147915
2023-05-05,2148040.311175801
2023-05-08,2171269.483563979
2023-05-09,2171453.608045001
2023-05-10,2177296.599930138
2023-05-11,2175144.920780543
2023-05-12,2177261.0752824754
2023-05-15,2187252.788765213
2023-05-16,2173896.682180324
2023-05-17,2161444.016144812
2023-05-18,2155285.946175506
2023-05-19,2164017.8116960437
2023-05-22,2177213.4768983526
2023-05-23,2181207.7939816033
2023-05-24,2173765.960764416
2023-05-25,2178015.915998493
2023-05-26,2199200.215367303
2023-05-29,2211005.0790042644
2023-05-30,2215189.557436767
2023-05-31,2203367.047569595
2023-06-01,2197821.2553511765
2023-06-02,2203331.2907346925
2023-06-05,2210434.3627692685
2023-06-06,2211046.640520157
2023-06-07,2226191.981973588
2023-06-08,2215272.912655792
2023-06-09,2206814.563703531
2023-06-12,2211343.840186876
2023-06-13,2224973.463340041
2023-06-14,2229698.938040868
2023-06-15,2221638.7902045622
2023-06-16,2238032.3702582116
2023-06-19,2229645.302788515
2023-06-20,2236926.694623122
2023-06-21,2241699.767708072
2023-06-22,2231523.6975570726
2023-06-23,2218952.1516548735
2023-06-26,2222007.2713538455
2023-06-27,2237010.049842147
2023-06-28,2255400.672343802
2023-06-30,2281191.7987339916
2023-07-03,2297062.260936768
2023-07-04,2304961.735203254
2023-07-05,2306091.093936785
2023-07-06,2317836.5176404025
2023-07-07,2298161.899703627
2023-07-10,2301026.858053347
2023-07-11,2310953.3269217503
2023-07-12,2304403.092704719
2023-07-13,2307904.011903769
2023-07-14,2325825.151806904
2023-07-17,2343294.455341731
2023-07-18,2347788.207177413
2023-07-19,2357762.2744299397
2023-07-20,2375118.7349663093
2023-07-21,2347282.9677439914
2023-07-24,2338646.2989916992
2023-07-25,2339627.057891871
2023-07-26,2351241.76017958
2023-07-27,2337166.3375263363
2023-07-28,2335519.897810163
2023-07-31,2348329.2034457373
2023-08-01,2345921.886145316
2023-08-02,2321313.7537410106
2023-08-03,2304088.014620549
2023-08-04,2320178.3581392495
2023-08-07,2329724.504309149
2023-08-08,2326579.992522922
2023-08-09,2333915.019609882
2023-08-10,2323281.0762223443
2023-08-11,2309633.8068389674
2023-08-14,2310376.806005764
2023-08-16,2313996.6050715013
2023-08-17,2302138.338369427
2023-08-18,2295588.1041523954
2023-08-21,2305508.5361525686
2023-08-22,2305847.29733518
2023-08-23,2311500.1278710645
2023-08-24,2304688.218634977
2023-08-25,2290315.8285022546
2023-08-28,2295100.7431364246
2023-08-29,2299451.699819738
2023-08-30,2300022.183867494
2023-08-31,2288889.2701020045
2023-09-01,2310465.9659057795
2023-09-04,2321581.2334410576
2023-09-05,2327061.5488579017
2023-09-06,2331359.1024761014
2023-09-07,2345149.1670118473
2023-09-08,2356192.920877321
2023-09-11,2377163.3757984377
2023-09-12,2376788.8577809245
2023-09-13,2385918.9244174175
2023-09-14,2389853.801567325
2023-09-15,2400463.829669181
2023-09-18,2393444.11285363
2023-09-20,2365875.825331359
2023-09-21,2346967.889659822
2023-09-22,2338872.2171758534
2023-09-25,2338907.974010756
2023-09-26,2337736.8215740924
2023-09-27,2343888.8546751686
2023-09-28,2320957.1141409483
2023-09-29,2334598.578843335
2023-10-03,2321575.196572827
2023-10-04,2310560.9304867857
2023-10-05,2323596.154306514
2023-10-06,2336405.4599420885
2023-10-09,2319625.520321705
2023-10-10,2340726.69665873
2023-10-11,2355170.600461257
2023-10-12,2353108.0812116773
2023-10-13,2348002.2838123464
2023-10-16,2345707.809510383
2023-10-17,2355188.478878708
2023-10-18,2338497.69915834
2023-10-19,2332981.626906594
2023-10-20,2323227.673157231
2023-10-23,2292211.8695010236
2023-10-25,2273238.689215152
2023-10-26,2241747.366092195
2023-10-27,2264334.540762813
2023-10-30,2275467.686715542
2023-10-31,2268180.2580127046
2023-11-01,2257427.666945719
2023-11-02,2274558.209297935
2023-11-03,2286131.1178825116
2023-11-06,2307666.252170394
2023-11-07,2307065.8159687263
2023-11-08,2311440.687937721
2023-11-09,2305710.771238281
2023-11-10,2309282.9719198956
2023-11-13,2311446.724805951
2023-11-15,2339014.7801409825
2023-11-16,2349684.2481761826
2023-11-17,2345713.846378613
2023-11-20,2341220.094542931
2023-11-21,2351848.001062238
2023-11-22,2355230.0403946005
2023-11-23,2354059.120145177
2023-11-24,2353191.2042434625
2023-11-28,2364484.791578772
2023-11-29,2389081.082433856
2023-11-30,2393426.234436179
2023-12-01,2409445.2964723147
2023-12-04,2459244.119065142
2023-12-05,2479251.461316298
2023-12-06,2489070.891867235
2023-12-07,2484725.972052152
2023-12-08,2492839.5229535713
2023-12-11,2496132.4023859184
2023-12-12,2485350.091352261
2023-12-13,2487721.65181778
2023-12-14,2518196.4592056638
2023-12-15,2550763.7379970388
2023-12-18,2546246.303062915
2023-12-19,2550341.6215954022
2023-12-20,2514327.0588573306
2023-12-21,2526797.6033102935
2023-12-22,2538013.872294808
2023-12-26,2548944.7831618246
2023-12-27,2574313.7931503775
2023-12-28,2589048.8597513926
2023-12-29,2583425.9813694195
2024-01-01,2584674.2199696377
2024-01-02,2575627.50855217
2024-01-03,2557979.653030072
2024-01-04,2574771.4341996764
2024-01-05,2580977.1025531054
2024-01-08,2557462.572047429
2024-01-09,2561248.849363977
2024-01-10,2570028.0810813983
2024-01-11,2573416.157281991
2024-01-12,2602821.2780569275
2024-01-15,2626941.8172580223
2024-01-16,2619196.9796931255
2024-01-17,2564470.4473137595
2024-01-18,2551429.4188130405
2024-01-19,2570468.0759004857
2024-01-23,2524865.805476622
2024-01-24,2550442.6230446384
2024-01-25,2538394.194993312
2024-01-29,2584162.943667986
2024-01-30,2558544.3323968374
2024-01-31,2582748.2268169574
2024-02-01,2579389.8705830364
2024-02-02,2597976.923489413
2024-02-05,2588216.7006845805
2024-02-06,2606964.1949735377
2024-02-07,2607094.916389446
2024-02-08,2581826.9078501295
2024-02-09,2589500.696119701
2024-02-12,2569713.2351844683
2024-02-13,2584834.661352218
2024-02-14,2596342.3253224604
2024-02-15,2604747.0390223684
2024-02-16,2620195.3848235086
2024-02-19,2629890.130826767
2024-02-20,2638770.363993425
2024-02-21,2621901.4966602656
2024-02-22,2641207.401260518
2024-02-23,2640642.7218937525
2024-02-26,2629866.4477283256
2024-02-27,2638936.8422442353
2024-02-28,2609549.83207399
2024-02-29,2613312.4262920963
2024-03-01,2655627.621964603
2024-03-04,2663574.6946152123
2024-03-05,2657714.056499864
2024-03-06,2671712.160802313
2024-03-07,2674030.3182027186
2024-03-11,2654902.5012152577
2024-03-12,2655264.9454963105
2024-03-13,2615083.5505559477
2024-03-14,2632790.846011389
2024-03-15,2618132.865573929
2024-03-18,2621978.5828238204
2024-03-19,2593655.454585532
2024-03-20,2596229.250136764
2024-03-21,2616777.588656244
2024-03-22,2626858.694226237
2024-03-26,2615915.70962276
2024-03-27,2630056.6090775775
2024-03-28,2654218.9419818046
2024-04-01,2670279.565533833
2024-04-02,2669245.403568548
2024-04-03,2667028.2476173793
2024-04-04,2676538.6369523765
2024-04-05,2676425.5617666794
2024-04-08,2694566.815172978
2024-04-09,2691767.1014375924
2024-04-10,2704968.8035081313
2024-04-12,2677103.3163191415
2024-04-15,2647751.830796559
2024-04-16,2632939.4458447485
2024-04-18,2614863.669240024
2024-04-19,2632832.407527282
2024-04-22,2655348.3007153356
2024-04-23,2659104.8580652117
2024-04-24,2663194.3719167085
2024-04-25,2683160.152651972
2024-04-26,2665280.5742647294
2024-04-29,2691844.419788387
2024-04-30,2687261.50805269
2024-05-02,2692414.903836143
2024-05-03,2671926.005250007
2024-05-06,2667985.0912318695
2024-05-07,2651318.2267971826
2024-05-08,2651318.2267971826
2024-05-09,2610304.672790007
2024-05-10,2621919.1428904766
2024-05-13,2627726.610127951
2024-05-14,2641254.999644641
2024-05-15,2639198.5172632914
2024-05-16,2663366.6548485095
2024-05-17,2670766.926549804
2024-05-21,2678250.5534701236
2024-05-22,2686423.544304887
2024-05-23,2730391.216561798
2024-05-24,2729136.9410933494
2024-05-27,2726206.5059420555
2024-05-28,2720940.267160144
2024-05-29,2699131.616303985
2024-05-30,2673447.760418502
2024-05-31,2678446.5195003664
2024-06-03,2765609.3770679594
2024-06-04,2601626.4425218226
2024-06-05,2689104.1459863456
2024-06-06,2713005.036058756
2024-06-07,2768729.973568505
2024-06-10,2765050.5023821844
2024-06-11,2765722.2200664165
2024-06-12,2772629.09388351
2024-06-13,2781658.159070767
2024-06-14,2789587.353303925
2024-06-18,2800560.0578740737
2024-06-19,2795578.945022421
2024-06-20,2801641.818223482
2024-06-21,2793807.58857133
2024-06-24,2798176.4236720945
2024-06-25,2819985.0745282536
2024-06-26,2837519.8548646546
2024-06-27,2858406.9545667465
2024-06-28,2854376.8806485934
2024-07-01,2869991.704700544
2024-07-02,2867840.025550949
2024-07-03,2887175.8823051127
2024-07-04,2889036.3986562197
2024-07-05,2891615.998888442
2024-07-08,2891223.8346407167
2024-07-09,2904615.465873268
2024-07-10,2891687.280371006
2024-07-11,2890676.8015041626
2024-07-12,2912812.3719937126
2024-07-15,2922863.525409794
2024-07-16,2925990.15877857
2024-07-18,2948321.6952983625
2024-07-19,2916230.1681609773
2024-07-22,2913656.3726097457
2024-07-23,2910066.29351068
2024-07-24,2902273.625374421
2024-07-25,2901393.8679234856
2024-07-26,2952363.610765736
2024-07-29,2952512.2105990956
2024-07-30,2955032.6030852133
2024-07-31,2966189.4321363843
2024-08-01,2973292.5041709603
2024-08-02,2938436.7879458517
2024-08-05,2859726.4746495294
2024-08-06,2852231.2383672283
2024-08-07,2888483.5608386747
2024-08-08,2867025.7449015877
2024-08-09,2896805.1515067974
2024-08-12,2894368.1142397043
2024-08-13,2869641.1019687117
2024-08-14,2870205.7813354773
2024-08-16,2917448.6867945236
2024-08-19,2921193.4025951787
2024-08-20,2936195.948896241
2024-08-21,2944677.9809469436
2024-08-22,2949587.8123160317
2024-08-23,2950972.809200389
2024-08-26,2973256.747336058
2024-08-27,2974106.7848203215
2024-08-28,2978219.98177026
2024-08-29,2990060.3700548834
2024-08-30,3000040.47417564
2024-09-02,3005128.3931575194
2024-09-03,3005265.151441658
2024-09-04,2995618.0038225222
2024-09-05,2989246.089405522
2024-09-06,2954420.325334325
2024-09-09,2964435.954102744
2024-09-10,2976882.583270026
2024-09-11,2962301.9211833603
2024-09-12,3018229.0937788216
2024-09-13,3014377.3396607
2024-09-16,3017616.8160279333
2024-09-17,3021753.928263553
2024-09-18,3016879.8537293673
2024-09-19,3021427.0086301626
2024-09-20,3066024.604868173
2024-09-23,3083630.8988743783
2024-09-24,3083791.3402569587
2024-09-25,3091369.9317582846
2024-09-26,3116560.621946806
2024-09-27,3112149.9931429094
2024-09-30,3068390.360652702
2024-10-01,3066732.0793873076
2024-10-03,3001728.475407706
2024-10-04,2973732.266802808
2024-10-07,2947715.454415704
2024-10-08,2973559.983871007
2024-10-09,2969850.792718014
2024-10-10,2971812.3105183574
2024-10-11,2967746.711952542
2024-10-14,2987207.2532543843
2024-10-15,2978814.3811036972
2024-10-16,2968584.9078875845
2024-10-17,2942258.8220973015
2024-10-18,2954646.243518479
2024-10-21,2945973.817931285
2024-10-22,2909239.9391248585
2024-10-23,2904888.982441545
2024-10-24,2900597.4656915753
2024-10-25,2874610.3732711435
2024-10-28,2893434.9537236555
2024-10-29,2908615.819824749
2024-10-30,2893636.9566221284
2024-10-31,2877528.734685977
2024-11-01,2889297.8414880363
2024-11-04,2852563.9626816097
2024-11-05,2878473.968938486
2024-11-06,2910660.692844117
2024-11-07,2876815.4554858524
2024-11-08,2870734.7038673405
2024-11-11,2869914.6185369887
2024-11-12,2839261.259161834
2024-11-13,2800696.8161582123
2024-11-14,2797564.145921206
2024-11-18,2788184.710189357
2024-11-19,2795876.14468914
2024-11-21,2775833.045603081
2024-11-22,2842090.692863892
2024-11-25,2879496.2893545507
2024-11-26,2876238.934569866
2024-11-27,2885796.922288986
2024-11-28,2842911.010381483
2024-11-29,2868701.904584433
2024-12-02,2885933.6805731244
2024-12-03,2907462.7779927766
2024-12-04,2908687.101307314
2024-12-05,2937331.344498002
2024-12-06,2933693.6670148135
2024-12-09,2926703.4379786947
2024-12-10,2925639.556046738
2024-12-11,2929413.991814065
2024-12-12,2918346.09047567
2024-12-13,2944452.2949500293
2024-12-16,2932558.2714130525
2024-12-17,2893060.4357061423
2024-12-18,2876756.0155525086
2024-12-19,2847374.8100632536
2024-12-20,2804078.855490575
2024-12-23,2823806.876492464
2024-12-24,2820739.915244271
2024-12-26,2823420.51692573
2024-12-27,2830933.8638127213
2024-12-30,2810902.6062758835
2024-12-31,2805409.5277354456
