date,equity,n_positions
2015-01-02,1000000.0,0
2015-01-05,1000000.0,0
2015-01-06,1000000.0,0
2015-01-07,1000000.0,0
2015-01-08,1000000.0,0
2015-01-09,1000000.0,0
2015-01-12,1000000.0,0
2015-01-13,1000000.0,0
2015-01-14,1000000.0,0
2015-01-15,1000000.0,0
2015-01-16,1000000.0,0
2015-01-19,1000000.0,0
2015-01-20,1000000.0,0
2015-01-21,1000000.0,0
2015-01-22,1000000.0,0
2015-01-23,1000000.0,0
2015-01-27,1000000.0,0
2015-01-28,1000000.0,0
2015-01-29,1000000.0,0
2015-01-30,1000000.0,0
2015-02-02,1000000.0,0
2015-02-03,1000000.0,0
2015-02-04,1000000.0,0
2015-02-05,1000000.0,0
2015-02-06,1000000.0,0
2015-02-09,1000000.0,0
2015-02-10,1000000.0,0
2015-02-11,1000000.0,0
2015-02-12,1000000.0,0
2015-02-13,1000000.0,0
2015-02-16,1000000.0,0
2015-02-18,1000000.0,0
2015-02-19,1000000.0,0
2015-02-20,1000000.0,0
2015-02-23,1000000.0,0
2015-02-24,1000000.0,0
2015-02-25,1000000.0,0
2015-02-26,1000000.0,0
2015-02-27,1000000.0,0
2015-03-02,1000000.0,0
2015-03-03,1000000.0,0
2015-03-04,1000000.0,0
2015-03-05,1000000.0,0
2015-03-09,1000000.0,0
2015-03-10,1000000.0,0
2015-03-11,1000000.0,0
2015-03-12,1000000.0,0
2015-03-13,1000000.0,0
2015-03-16,1000000.0,0
2015-03-17,1000000.0,0
2015-03-18,1000000.0,0
2015-03-19,1000000.0,0
2015-03-20,1000000.0,0
2015-03-23,1000000.0,0
2015-03-24,1000000.0,0
2015-03-25,1000000.0,0
2015-03-26,1000000.0,0
2015-03-27,1000000.0,0
2015-03-30,1000000.0,0
2015-03-31,1000000.0,0
2015-04-01,1000000.0,0
2015-04-06,1000000.0,0
2015-04-07,1000000.0,0
2015-04-08,1000000.0,0
2015-04-09,1000000.0,0
2015-04-10,1000000.0,0
2015-04-13,1000000.0,0
2015-04-16,1000000.0,0
2015-04-17,1000000.0,0
2015-04-20,1000000.0,0
2015-04-21,1000000.0,0
2015-04-22,1000000.0,0
2015-04-23,1000000.0,0
2015-04-24,1000000.0,0
2015-04-27,1000000.0,0
2015-04-28,1000000.0,0
2015-04-29,1000000.0,0
2015-04-30,1000000.0,0
2015-05-04,1000000.0,0
2015-05-05,1000000.0,0
2015-05-06,1000000.0,0
2015-05-07,1000000.0,0
2015-05-08,1000000.0,0
2015-05-11,1000000.0,0
2015-05-12,1000000.0,0
2015-05-13,1000000.0,0
2015-05-14,1000000.0,0
2015-05-15,1000000.0,0
2015-05-18,1000000.0,0
2015-05-19,1000000.0,0
2015-05-20,1000000.0,0
2015-05-21,1000000.0,0
2015-05-22,1000000.0,0
2015-05-25,1000000.0,0
2015-05-26,1000000.0,0
2015-05-27,1000000.0,0
2015-05-28,1000000.0,0
2015-05-29,1000000.0,0
2015-06-01,1000000.0,0
2015-06-02,1000000.0,0
2015-06-03,1000000.0,0
2015-06-04,1000000.0,0
2015-06-05,1000000.0,0
2015-06-08,1000000.0,0
2015-06-09,1000000.0,0
2015-06-10,1000000.0,0
2015-06-11,1000000.0,0
2015-06-12,1000000.0,0
2015-06-15,1000000.0,0
2015-06-16,1000000.0,0
2015-06-17,1000000.0,0
2015-06-18,1000000.0,0
2015-06-19,1000000.0,0
2015-06-22,1000000.0,0
2015-06-23,1000000.0,0
2015-06-24,1000000.0,0
2015-06-25,1000000.0,0
2015-06-26,1000000.0,0
2015-06-29,1000000.0,0
2015-06-30,1000000.0,0
2015-07-01,1000000.0,0
2015-07-02,1000000.0,0
2015-07-03,1000000.0,0
2015-07-06,1000000.0,0
2015-07-07,1000000.0,0
2015-07-08,1000000.0,0
2015-07-09,1000000.0,0
2015-07-10,1000000.0,0
2015-07-13,1000000.0,0
2015-07-14,1000000.0,0
2015-07-15,1000000.0,0
2015-07-16,1000000.0,0
2015-07-17,1000000.0,0
2015-07-20,1000000.0,0
2015-07-21,1000000.0,0
2015-07-22,1000000.0,0
2015-07-23,1000000.0,0
2015-07-24,1000000.0,0
2015-07-27,1000000.0,0
2015-07-28,1000000.0,0
2015-07-29,1000000.0,0
2015-07-30,1000000.0,0
2015-07-31,1000000.0,0
2015-08-03,1000000.0,0
2015-08-04,1000000.0,0
2015-08-05,1000000.0,0
2015-08-06,1000000.0,0
2015-08-07,1000000.0,0
2015-08-10,1000000.0,0
2015-08-11,1000000.0,0
2015-08-12,1000000.0,0
2015-08-13,1000000.0,0
2015-08-14,1000000.0,0
2015-08-17,1000000.0,0
2015-08-18,1000000.0,0
2015-08-19,1000000.0,0
2015-08-20,1000000.0,0
2015-08-21,1000000.0,0
2015-08-24,1000000.0,0
2015-08-25,1000000.0,0
2015-08-26,1000000.0,0
2015-08-27,1000000.0,0
2015-08-28,1000000.0,0
2015-08-31,1000000.0,0
2015-09-01,1000000.0,0
2015-09-02,1000000.0,0
2015-09-03,1000000.0,0
2015-09-04,1000000.0,0
2015-09-07,1000000.0,0
2015-09-08,1000000.0,0
2015-09-09,1000000.0,0
2015-09-10,1000000.0,0
2015-09-11,1000000.0,0
2015-09-14,1000000.0,0
2015-09-15,1000000.0,0
2015-09-16,1000000.0,0
2015-09-18,1000000.0,0
2015-09-21,1000000.0,0
2015-09-22,1000000.0,0
2015-09-23,1000000.0,0
2015-09-24,1000000.0,0
2015-09-28,1000000.0,0
2015-09-29,1000000.0,0
2015-09-30,1000000.0,0
2015-10-01,1000000.0,0
2015-10-05,1000000.0,0
2015-10-06,1000000.0,0
2015-10-07,1000000.0,0
2015-10-08,1000000.0,0
2015-10-09,1000000.0,0
2015-10-12,1000000.0,0
2015-10-13,1000000.0,0
2015-10-14,1000000.0,0
2015-10-15,1000000.0,0
2015-10-16,1000000.0,0
2015-10-19,1000000.0,0
2015-10-20,1000000.0,0
2015-10-21,1000000.0,0
2015-10-23,1000000.0,0
2015-10-26,1000000.0,0
2015-10-27,1000000.0,0
2015-10-28,1000000.0,0
2015-10-29,1000000.0,0
2015-10-30,1000000.0,0
2015-11-02,1000000.0,0
2015-11-03,1000000.0,0
2015-11-04,1000000.0,0
2015-11-05,1000000.0,0
2015-11-06,1000000.0,0
2015-11-09,1000000.0,0
2015-11-10,1000000.0,0
2015-11-13,1000000.0,0
2015-11-16,1000000.0,0
2015-11-17,1000000.0,0
2015-11-18,1000000.0,0
2015-11-19,1000000.0,0
2015-11-20,1000000.0,0
2015-11-23,1000000.0,0
2015-11-24,1000000.0,0
2015-11-26,1000000.0,0
2015-11-27,1000000.0,0
2015-11-30,1000000.0,0
2015-12-01,1000000.0,0
2015-12-02,1000000.0,0
2015-12-03,1000000.0,0
2015-12-04,1000000.0,0
2015-12-07,1000000.0,0
2015-12-08,1000000.0,0
2015-12-09,1000000.0,0
2015-12-10,1000000.0,0
2015-12-11,1000000.0,0
2015-12-14,1000000.0,0
2015-12-15,1000000.0,0
2015-12-16,1000000.0,0
2015-12-17,1000000.0,0
2015-12-18,1000000.0,0
2015-12-21,1000000.0,0
2015-12-22,1000000.0,0
2015-12-23,1000000.0,0
2015-12-24,1000000.0,0
2015-12-28,1000000.0,0
2015-12-29,1000000.0,0
2015-12-30,1000000.0,0
2015-12-31,1000000.0,0
2016-01-04,1000000.0,0
2016-01-05,1000000.0,0
2016-01-06,1000000.0,0
2016-01-07,1000000.0,0
2016-01-08,1000000.0,0
2016-01-11,1000000.0,0
2016-01-12,1000000.0,0
2016-01-13,1000000.0,0
2016-01-14,1000000.0,0
2016-01-15,1000000.0,0
2016-01-18,1000000.0,0
2016-01-19,1000000.0,0
2016-01-20,1000000.0,0
2016-01-21,1000000.0,0
2016-01-22,1000000.0,0
2016-01-25,1000000.0,0
2016-01-27,1000000.0,0
2016-01-28,1000000.0,0
2016-01-29,1000000.0,0
2016-02-01,1000000.0,0
2016-02-02,1000000.0,0
2016-02-03,1000000.0,0
2016-02-04,1000000.0,0
2016-02-05,1000000.0,0
2016-02-08,1000000.0,0
2016-02-09,1000000.0,0
2016-02-10,1000000.0,0
2016-02-11,1000000.0,0
2016-02-12,1000000.0,0
2016-02-15,1000000.0,0
2016-02-16,1000000.0,0
2016-02-17,1000000.0,0
2016-02-18,1000000.0,0
2016-02-19,1000000.0,0
2016-02-22,1000000.0,0
2016-02-23,1000000.0,0
2016-02-24,1000000.0,0
2016-02-25,1000000.0,0
2016-02-26,1000000.0,0
2016-02-29,1000000.0,0
2016-03-01,1000000.0,0
2016-03-02,1000000.0,0
2016-03-03,1000000.0,0
2016-03-04,1000000.0,0
2016-03-08,1000000.0,0
2016-03-09,1000000.0,0
2016-03-10,1000000.0,0
2016-03-11,1000000.0,0
2016-03-14,1000000.0,0
2016-03-15,1000000.0,0
2016-03-16,1000000.0,0
2016-03-17,1000000.0,0
2016-03-18,1000000.0,0
2016-03-21,1000000.0,0
2016-03-22,1000000.0,0
2016-03-23,1000000.0,0
2016-03-28,1000000.0,0
2016-03-29,1000000.0,0
2016-03-30,1000000.0,0
2016-03-31,1000000.0,0
2016-04-01,1000000.0,0
2016-04-04,1000000.0,0
2016-04-05,1000000.0,0
2016-04-06,1000000.0,0
2016-04-07,1000000.0,0
2016-04-08,1000000.0,0
2016-04-11,1000000.0,0
2016-04-12,1000000.0,0
2016-04-13,1000000.0,0
2016-04-18,1000000.0,0
2016-04-20,1000000.0,0
2016-04-21,998527.1359784695,21
2016-04-22,997382.3456797032,21
2016-04-25,993456.9381678895,21
2016-04-26,996291.9408200313,21
2016-04-27,998316.5757832073,21
2016-04-28,991495.6530903504,17
2016-04-29,993584.9415978036,17
2016-05-02,999204.9948618459,17
2016-05-03,990641.2320601738,17
2016-05-04,984913.3746530672,17
2016-05-05,986796.4463064951,17
2016-05-06,990727.1313715185,17
2016-05-09,996221.141701028,17
2016-05-10,996318.4687017862,17
2016-05-11,997083.5590300881,17
2016-05-12,998266.300578546,21
2016-05-13,989909.446767163,21
2016-05-16,991761.7707260378,21
2016-05-17,990571.5410124629,21
2016-05-18,990781.9811845165,21
2016-05-19,983732.50247165,18
2016-05-20,980814.978513216,18
2016-05-23,980688.1723157858,18
2016-05-24,981961.0797505708,18
2016-05-25,985797.9127072636,18
2016-05-26,992834.3136170584,21
2016-05-27,1002437.3938665992,21
2016-05-30,1007614.5963712905,21
2016-05-31,1013124.7323672067,21
2016-06-01,1010186.457010409,21
2016-06-02,1019809.3505122319,21
2016-06-03,1018696.6705068536,21
2016-06-06,1017745.9462045894,21
2016-06-07,1020245.3305868235,21
2016-06-08,1027409.2754983841,21
2016-06-09,1021900.9500782898,21
2016-06-10,1018160.9255317426,21
2016-06-13,1012716.8130449043,21
2016-06-14,1014126.177079696,21
2016-06-15,1020102.2495389039,21
2016-06-16,1016893.3539429605,21
2016-06-17,1017034.4580293257,21
2016-06-20,1023848.7860764393,21
2016-06-21,1021330.5135977364,21
2016-06-22,1019364.9883168199,21
2016-06-23,1020661.0559788859,21
2016-06-24,1006123.9737638062,21
2016-06-27,1015909.2141031552,21
2016-06-28,1018188.3684130609,21
2016-06-29,1026997.6896775386,21
2016-06-30,1038963.0648447381,21
2016-07-01,1046240.8348712714,21
2016-07-04,1048736.7668320371,21
2016-07-05,1044559.0716350136,21
2016-07-07,1044844.5222282108,21
2016-07-08,1043472.9824696329,21
2016-07-11,1050077.5528755193,21
2016-07-12,1055370.5376726643,21
2016-07-13,1051404.2001890645,21
2016-07-14,1053070.9252074459,21
2016-07-15,1055570.300149936,21
2016-07-18,1054583.8231238618,21
2016-07-19,1054717.2625690862,21
2016-07-20,1062935.907453343,21
2016-07-21,1060804.958853029,21
2016-07-22,1077769.1614916476,21
2016-07-25,1082721.0871605906,21
2016-07-26,1084457.0327859742,21
2016-07-27,1089294.1000038523,21
2016-07-28,1096812.303384156,21
2016-07-29,1094953.9661162207,21
2016-08-01,1106425.6833081234,21
2016-08-02,1101441.856397965,21
2016-08-03,1087021.7873832341,21
2016-08-04,1090964.8331831463,21
2016-08-05,1105683.742362434,21
2016-08-08,1111837.0327173343,21
2016-08-09,1108099.5174479396,21
2016-08-10,1099685.0789107718,21
2016-08-11,1097965.9868482067,21
2016-08-16,1109313.8072069336,21
2016-08-17,1110767.4811517028,21
2016-08-18,1112688.909885382,21
2016-08-19,1116743.187487887,21
2016-08-22,1113884.1046881354,21
2016-08-23,1108497.5645984244,21
2016-08-24,1115204.6952709646,21
2016-08-25,1112385.1090831405,21
2016-08-26,1118116.5614751037,21
2016-08-29,1122237.162778324,21
2016-08-30,1133922.6536692067,21
2016-08-31,1140203.2857680041,21
2016-09-01,1138099.2884277357,21
2016-09-02,1142846.9423131929,21
2016-09-06,1155196.5227559737,21
2016-09-07,1161181.5167887523,21
2016-09-08,1170456.1365698949,21
2016-09-09,1158348.5676325043,21
2016-09-12,1125634.3422309766,21
2016-09-14,1136003.675825176,21
2016-09-15,1134217.9349487904,21
2016-09-16,1133877.7299868301,21
2016-09-19,1141252.9306273705,21
2016-09-20,1143401.086849899,21
2016-09-21,1142398.6727896426,21
2016-09-22,1162074.3474291996,21
2016-09-23,1165572.2784661213,21
2016-09-26,1164978.2989663626,21
2016-09-27,1157539.6218879833,21
2016-09-28,1168295.312402763,21
2016-09-29,1134884.3445991275,21
2016-09-30,1144948.1569471327,21
2016-10-03,1169329.1783416595,21
2016-10-04,1175605.0268471728,21
2016-10-05,1180314.387330143,21
2016-10-06,1177243.6724382534,22
2016-10-07,1172201.9544495544,22
2016-10-10,1173343.78609869,22
2016-10-13,1161787.1520284177,22
2016-10-14,1163122.5402395704,22
2016-10-17,1154259.6912598056,22
2016-10-18,1171257.8650252908,22
2016-10-19,1174248.9838096679,22
2016-10-20,1181090.5844471273,22
2016-10-21,1182427.9554230897,22
2016-10-24,1179113.3497736389,22
2016-10-25,1181149.4964335917,22
2016-10-26,1172857.9900028922,22
2016-10-27,1164995.0338679387,22
2016-10-28,1171613.926937606,22
2016-11-01,1178619.4007566713,22
2016-11-02,1154067.7012573518,22
2016-11-03,1144576.2354977648,22
2016-11-04,1131161.6325518014,22
2016-11-07,1138128.5479010504,22
2016-11-08,1137943.4729810802,22
2016-11-09,1127035.2637604184,22
2016-11-10,1146395.9165440707,22
2016-11-11,1117230.0804179583,22
2016-11-15,1078003.0367727242,22
2016-11-16,1081517.0925147536,15
2016-11-17,1085343.234059089,15
2016-11-18,1084729.7052019362,15
2016-11-21,1066487.624066449,15
2016-11-22,1075392.8768519072,15
2016-11-23,1081999.6152319508,14
2016-11-24,1080649.2852101005,14
2016-11-25,1087291.369794194,14
2016-11-28,1092324.7972040924,14
2016-11-29,1094492.3347940224,14
2016-11-30,1100541.3842724934,22
2016-12-01,1095630.549532361,22
2016-12-02,1082626.2736119693,22
2016-12-05,1086553.4577329084,22
2016-12-06,1090972.293715549,22
2016-12-07,1090872.8866434316,17
2016-12-08,1101801.6022391769,17
2016-12-09,1109378.6632661088,17
2016-12-12,1104194.7233278148,17
2016-12-13,1102858.4440668768,17
2016-12-14,1093704.179366448,16
2016-12-15,1095329.1317063018,16
2016-12-16,1090684.2818441698,16
2016-12-19,1090016.7910643993,16
2016-12-20,1083162.954471852,16
2016-12-21,1084239.3249558734,13
2016-12-22,1075421.3104616932,13
2016-12-23,1073338.716907399,13
2016-12-26,1061827.9304230246,13
2016-12-27,1066536.7629379262,13
2016-12-28,1068400.2710104438,9
2016-12-29,1071372.8577477161,9
2016-12-30,1072460.7768384828,9
2017-01-02,1074035.0910633148,9
2017-01-03,1078006.6484898874,9
2017-01-04,1078526.7895172732,8
2017-01-05,1083476.0021033257,8
2017-01-06,1083554.8381633342,8
2017-01-09,1083715.9189919801,8
2017-01-10,1086740.2799808271,8
2017-01-11,1089056.1621654225,22
2017-01-12,1095099.7918834947,22
2017-01-13,1091152.226182253,22
2017-01-16,1092852.9177753362,22
2017-01-17,1091370.9717850345,22
2017-01-18,1097086.7610591587,22
2017-01-19,1101201.924093748,22
2017-01-20,1084435.0646699732,22
2017-01-23,1093810.7180618274,22
2017-01-24,1106186.7695365192,22
2017-01-25,1118788.7808325829,22
2017-01-27,1127642.1777690763,22
2017-01-30,1124967.7615462942,22
2017-01-31,1109145.052714685,22
2017-02-01,1122236.354978409,22
2017-02-02,1125917.64343322,22
2017-02-03,1131653.905945606,22
2017-02-06,1138847.830764685,22
2017-02-07,1126624.1446913017,22
2017-02-08,1127912.7438324871,22
2017-02-09,1125383.9041830092,22
2017-02-10,1123076.989391865,22
2017-02-13,1127747.4137615098,22
2017-02-14,1127741.6160021962,22
2017-02-15,1118985.3199620347,22
2017-02-16,1134468.1261664655,22
2017-02-17,1137370.0136836513,22
2017-02-20,1148341.3112650237,22
2017-02-21,1149233.5587519272,22
2017-02-22,1137534.707468297,22
2017-02-23,1138526.4963054073,22
2017-02-27,1134534.3582057615,22
2017-02-28,1138025.760084492,22
2017-03-01,1142574.6464969679,22
2017-03-02,1126748.4751044554,22
2017-03-03,1131646.3148364967,22
2017-03-06,1137462.936339321,22
2017-03-07,1135560.5461760848,22
2017-03-08,1125187.8440192586,22
2017-03-09,1123619.4576550925,22
2017-03-10,1118895.4099859574,22
2017-03-14,1131956.6179311024,22
2017-03-15,1136135.1636208757,22
2017-03-16,1151841.5676119067,22
2017-03-17,1150984.4092778508,22
2017-03-20,1152869.015436033,22
2017-03-21,1152508.8131501256,22
2017-03-22,1142273.9263437619,22
2017-03-23,1149903.1368387695,22
2017-03-24,1151679.6457046212,22
2017-03-27,1145821.7765499426,22
2017-03-28,1147247.1078439972,22
2017-03-29,1154672.83372416,22
2017-03-30,1160796.20262614,22
2017-03-31,1164765.1988764096,22
2017-04-03,1172305.7246104428,22
2017-04-05,1187784.1885227198,22
2017-04-06,1193715.7420739532,22
2017-04-07,1190801.5604395936,22
2017-04-10,1198100.37066985,22
2017-04-11,1203921.9547727392,22
2017-04-12,1198244.8543471452,22
2017-04-13,1200611.586391069,22
2017-04-17,1207563.3045173471,22
2017-04-18,1208157.1019901158,22
2017-04-19,1215871.1595793827,22
2017-04-20,1229430.8884260573,22
2017-04-21,1232826.468526886,22
2017-04-24,1240110.5738325194,22
2017-04-25,1250708.206793082,22
2017-04-26,1223491.445325722,22
2017-04-27,1220825.6458315896,22
2017-04-28,1221129.1466305493,22
2017-05-02,1234862.678984071,22
2017-05-03,1237146.779587405,22
2017-05-04,1240875.919082314,22
2017-05-05,1236291.1207377154,22
2017-05-08,1245675.9844924505,22
2017-05-09,1251014.015827769,22
2017-05-10,1259875.4231512384,22
2017-05-11,1259338.0537896394,22
2017-05-12,1255720.4495277316,22
2017-05-15,1268051.0436725102,22
2017-05-16,1268605.1528804125,22
2017-05-17,1265234.3303097123,22
2017-05-18,1242070.6019863852,22
2017-05-19,1236921.662882095,22
2017-05-22,1227196.5255691956,22
2017-05-23,1206348.1797726606,22
2017-05-24,1201434.8289005794,22
2017-05-25,1214527.7235906643,22
2017-05-26,1227474.8454417016,22
2017-05-29,1213918.621236957,22
2017-05-30,1222616.7480341855,22
2017-05-31,1224381.4950489716,22
2017-06-01,1227414.0629299558,22
2017-06-02,1234425.2877267643,22
2017-06-05,1237224.1285555512,22
2017-06-06,1233074.5664406817,22
2017-06-07,1238069.6197009902,22
2017-06-08,1244354.1214249101,22
2017-06-09,1253260.689130481,22
2017-06-12,1248334.8275315012,22
2017-06-13,1254357.9999977695,22
2017-06-14,1255582.051502633,22
2017-06-15,1260598.0997576974,22
2017-06-16,1265450.4311195894,22
2017-06-19,1267095.904597077,22
2017-06-20,1263990.4836199656,22
2017-06-21,1263583.2969404103,22
2017-06-22,1259372.1836338474,22
2017-06-23,1239310.5245067403,22
2017-06-27,1225386.2498399133,22
2017-06-28,1232796.547251902,22
2017-06-29,1235066.5370965756,22
2017-06-30,1234620.252494128,22
2017-07-03,1245971.9002474316,22
2017-07-04,1242077.9366460538,22
2017-07-05,1249258.536455727,22
2017-07-06,1252689.3451691228,22
2017-07-07,1252580.0847010466,22
2017-07-10,1255490.7757171227,22
2017-07-11,1252537.9029933808,22
2017-07-12,1261096.925818553,22
2017-07-13,1270161.2424386814,22
2017-07-14,1267972.32877993,22
2017-07-17,1266255.7884448662,22
2017-07-18,1255448.910883608,22
2017-07-19,1263260.9239205879,22
2017-07-20,1261332.545028614,22
2017-07-21,1262223.6060865207,22
2017-07-24,1263145.398160848,22
2017-07-25,1268145.2904629111,22
2017-07-26,1269967.3104993335,22
2017-07-27,1272447.3876095584,22
2017-07-28,1271850.3028753193,22
2017-07-31,1275523.827636581,22
2017-08-01,1279485.4636705695,22
2017-08-02,1274477.9893227776,22
2017-08-03,1271373.1467154268,22
2017-08-04,1277029.656451239,22
2017-08-07,1287224.1347030997,22
2017-08-08,1282043.1384608739,22
2017-08-09,1259185.5256808705,22
2017-08-10,1235082.4860208123,22
2017-08-11,1225829.902327575,21
2017-08-14,1257233.9712734162,21
2017-08-16,1271619.3938787999,21
2017-08-17,1263856.2304222244,21
2017-08-18,1263687.5296872624,21
2017-08-21,1252134.2440250206,22
2017-08-22,1247295.53703361,22
2017-08-23,1261824.2501275523,22
2017-08-24,1262383.2803540241,22
2017-08-28,1277301.6407532599,22
2017-08-29,1261421.635851611,22
2017-08-30,1282156.6515560513,22
2017-08-31,1287015.2840480064,22
2017-09-01,1298548.0018476218,22
2017-09-04,1289697.6697876607,22
2017-09-05,1298747.5966213238,22
2017-09-06,1302116.022326406,22
2017-09-07,1311637.9320526703,22
2017-09-08,1314540.336319407,22
2017-09-11,1325433.406726501,22
2017-09-12,1338132.3504702663,22
2017-09-13,1331924.7421763032,22
2017-09-14,1331168.1423150804,22
2017-09-15,1332850.885735677,22
2017-09-18,1342407.952434967,22
2017-09-19,1337512.1508719171,22
2017-09-20,1332568.1223933604,22
2017-09-21,1324554.7671014282,22
2017-09-22,1292421.2140993471,22
2017-09-25,1274676.884544857,22
2017-09-26,1285516.044327055,23
2017-09-27,1265643.8098476678,23
2017-09-28,1269897.2012917614,23
2017-09-29,1281064.0431071518,23
2017-10-03,1293374.733782384,23
2017-10-04,1295902.2515692126,23
2017-10-05,1296574.9283977726,23
2017-10-06,1317193.84589138,23
2017-10-09,1321711.8374910601,23
2017-10-10,1328149.5129092152,23
2017-10-11,1318392.42058822,23
2017-10-12,1339808.434116205,23
2017-10-13,1344746.6100722756,23
2017-10-16,1349537.753318329,23
2017-10-17,1348061.7888270272,23
2017-10-18,1342324.9123240192,23
2017-10-19,1335061.316505441,23
2017-10-23,1342549.172144109,23
2017-10-24,1344061.416197132,23
2017-10-25,1342547.663998684,23
2017-10-26,1348645.04748762,23
2017-10-27,1346092.8069310666,23
2017-10-30,1353799.1959773796,23
2017-10-31,1349491.7641453976,23
2017-11-01,1357777.6934967896,23
2017-11-02,1362435.2204967996,23
2017-11-03,1357628.3644275202,23
2017-11-06,1358155.28579157,23
2017-11-07,1344432.1666150242,23
2017-11-08,1340912.6091458236,23
2017-11-09,1348187.233464821,23
2017-11-10,1353364.0698853396,23
2017-11-13,1342784.0792456928,23
2017-11-14,1339464.6555893891,23
2017-11-15,1329392.9848310624,23
2017-11-16,1342793.3251138595,23
2017-11-17,1346664.0662507375,23
2017-11-20,1349834.694958038,23
2017-11-21,1361056.4662437942,23
2017-11-22,1359947.9024612699,23
2017-11-23,1360991.01719267,23
2017-11-24,1364652.2686223872,23
2017-11-27,1365110.3951274194,23
2017-11-28,1368234.1859047655,23
2017-11-29,1364634.9791927873,23
2017-11-30,1355542.0019465303,23
2017-12-01,1343582.5513410878,23
2017-12-04,1342144.053653151,23
2017-12-05,1340303.9608159412,23
2017-12-06,1333685.3187336172,23
2017-12-07,1352101.807561428,23
2017-12-08,1354037.2544830095,23
2017-12-11,1359678.87430757,23
2017-12-12,1357994.5983569003,23
2017-12-13,1348495.4843019408,23
2017-12-14,1345999.6428424283,23
2017-12-15,1352358.2488332023,23
2017-12-18,1362071.5979412696,23
2017-12-19,1376916.7534846205,23
2017-12-20,1373586.277045034,23
2017-12-21,1374601.4005448355,23
2017-12-22,1374732.330630769,23
2017-12-26,1376041.49881412,23
2017-12-27,1374687.2509216117,23
2017-12-28,1379689.5660258683,23
2017-12-29,1384083.3248741594,23
2018-01-02,1376745.579810139,23
2018-01-03,1387082.6586860796,23
2018-01-04,1393513.7070526287,23
2018-01-05,1404232.8603217695,23
2018-01-08,1407681.3686377623,23
2018-01-09,1408410.7370635604,23
2018-01-10,1404866.2891832902,23
2018-01-11,1405805.3821234405,23
2018-01-12,1403313.940026238,23
2018-01-15,1398897.2694972141,23
2018-01-16,1391015.0281002852,23
2018-01-17,1397208.079019102,23
2018-01-18,1380949.1152723723,23
2018-01-19,1392741.125002772,23
2018-01-22,1402336.4956174027,23
2018-01-23,1410260.9086579096,23
2018-01-24,1409126.6702965437,23
2018-01-25,1400418.2079353093,23
2018-01-29,1405282.2102457162,23
2018-01-30,1394231.2761106456,23
2018-01-31,1379125.4335509476,23
2018-02-01,1388851.1634911308,23
2018-02-02,1357729.5499184988,23
2018-02-05,1351589.8003098129,23
2018-02-06,1327267.1040314096,23
2018-02-07,1331467.2471921197,23
2018-02-08,1347463.8838651273,23
2018-02-09,1343921.4058347356,23
2018-02-12,1355355.9702110556,23
2018-02-14,1356802.819413191,23
2018-02-15,1349504.1454602638,23
2018-02-16,1334586.9206558536,23
2018-02-19,1321903.7092388496,23
2018-02-20,1316228.0208556794,23
2018-02-21,1320905.228657418,23
2018-02-22,1326750.1492921808,23
2018-02-23,1337718.3394592914,23
2018-02-26,1340710.961752959,23
2018-02-27,1339135.5283822848,23
2018-02-28,1339383.3209556164,24
2018-03-01,1339635.8008850615,24
2018-03-05,1331318.2733209836,24
2018-03-06,1325915.7049738192,24
2018-03-07,1313868.9401770532,24
2018-03-08,1313352.7415423316,24
2018-03-09,1313659.14006434,24
2018-03-12,1323604.3196884536,24
2018-03-13,1322757.1880027314,24
2018-03-14,1324210.2818261418,24
2018-03-15,1325299.597646714,24
2018-03-16,1307887.5464236282,24
2018-03-19,1290367.477228846,24
2018-03-20,1297318.586708504,24
2018-03-21,1303961.096754117,24
2018-03-22,1296816.998803866,18
2018-03-23,1294262.588196232,18
2018-03-26,1303174.76553794,18
2018-03-27,1306975.7302180345,18
2018-03-28,1300476.2027864093,18
2018-04-02,1312919.4462212403,24
2018-04-03,1316605.9960960476,24
2018-04-04,1302631.8919111413,24
2018-04-05,1321314.9003491963,24
2018-04-06,1327154.5723060125,24
2018-04-09,1326765.6629188631,24
2018-04-10,1328133.0379428752,24
2018-04-11,1330121.228165362,24
2018-04-12,1341271.2916218848,24
2018-04-13,1346187.1095309465,24
2018-04-16,1347228.6354416786,24
2018-04-17,1351418.5748737939,24
2018-04-18,1348406.166572045,24
2018-04-19,1353009.4440576753,24
2018-04-20,1365301.291612799,24
2018-04-23,1378389.0948183914,24
2018-04-24,1374059.7037270437,24
2018-04-25,1383611.3417410054,24
2018-04-26,1397404.789629123,24
2018-04-27,1393860.2180923172,24
2018-04-30,1402285.5664517095,24
2018-05-02,1388604.5636461019,24
2018-05-03,1364716.6771454904,24
2018-05-04,1362410.353545778,24
2018-05-07,1370188.4217067852,24
2018-05-08,1370857.9648357772,24
2018-05-09,1363743.679633755,24
2018-05-10,1354910.3605072324,24
2018-05-11,1368885.6883000499,24
2018-05-14,1368352.1783296827,24
2018-05-15,1370110.24780617,24
2018-05-16,1375786.2730423724,24
2018-05-17,1375519.1024555543,24
2018-05-18,1369375.684286582,24
2018-05-21,1352509.938236776,24
2018-05-22,1362438.4482754497,24
2018-05-23,1359115.7963562454,24
2018-05-24,1370310.1487029742,24
2018-05-25,1392427.4396970277,24
2018-05-28,1391567.5352430316,24
2018-05-29,1386727.193323403,24
2018-05-30,1395111.7549542706,24
2018-05-31,1407209.2368411655,24
2018-06-01,1389831.8273801683,24
2018-06-04,1375932.9655705336,24
2018-06-05,1358149.1166009947,24
2018-06-06,1377449.385486079,24
2018-06-07,1388800.7965918828,24
2018-06-08,1386673.0071061025,24
2018-06-11,1391076.4378494916,24
2018-06-12,1399889.2738565635,24
2018-06-13,1402688.3003597076,24
2018-06-14,1401863.9919580733,24
2018-06-15,1406073.959780425,24
2018-06-18,1401462.7584908565,24
2018-06-19,1384550.3236931427,23
2018-06-20,1390964.307735802,23
2018-06-21,1386635.1104076176,23
2018-06-22,1396426.756086904,23
2018-06-25,1396739.676630037,23
2018-06-26,1400906.8787774371,23
2018-06-27,1396229.4225867179,23
2018-06-28,1379780.49675941,23
2018-06-29,1390160.383005334,23
2018-07-02,1391510.8729992018,23
2018-07-03,1398280.0718094308,23
2018-07-04,1408396.8495628105,23
2018-07-05,1407647.579042911,23
2018-07-06,1407549.029833707,23
2018-07-09,1417905.7578964212,23
2018-07-10,1420835.1477186284,22
2018-07-11,1430756.8263972162,22
2018-07-12,1435224.4801665838,22
2018-07-13,1439410.8778607917,22
2018-07-16,1433711.3322687936,22
2018-07-17,1436827.635137765,22
2018-07-18,1428110.289153575,22
2018-07-19,1423374.4720282024,22
2018-07-20,1434381.9935205595,22
2018-07-23,1445707.4442995407,22
2018-07-24,1448733.8416541892,22
2018-07-25,1447450.2346754111,22
2018-07-26,1447751.7180294944,22
2018-07-27,1447469.916117082,22
2018-07-30,1443216.0524478478,22
2018-07-31,1465456.5917766578,22
2018-08-01,1473709.7249936983,22
2018-08-02,1461195.1376145587,22
2018-08-03,1470207.6885778478,22
2018-08-06,1467927.6629621058,22
2018-08-07,1472260.865952161,22
2018-08-08,1482118.0400395023,22
2018-08-09,1485147.9519885557,22
2018-08-10,1484566.0664246958,22
2018-08-13,1486256.8548496375,22
2018-08-14,1497550.1478080852,22
2018-08-16,1501493.3692739056,22
2018-08-17,1516504.711766305,22
2018-08-20,1519078.1174426423,22
2018-08-21,1520274.6372995684,22
2018-08-23,1536965.4765951238,24
2018-08-24,1530310.9050000475,24
2018-08-27,1542934.9727144786,24
2018-08-28,1546341.8184899352,24
2018-08-29,1540655.3530234674,24
2018-08-30,1539727.01598651,24
2018-08-31,1546815.4552332773,24
2018-09-03,1519893.5877026832,24
2018-09-04,1488418.0260471026,24
2018-09-05,1471235.281727435,24
2018-09-06,1477406.096973237,25
2018-09-07,1487391.1855455523,25
2018-09-10,1453454.105312173,25
2018-09-11,1430940.8112967396,25
2018-09-12,1444554.0200358685,25
2018-09-14,1460807.2916831726,25
2018-09-17,1448934.142797901,25
2018-09-18,1440485.5215157513,25
2018-09-19,1427943.9915160548,25
2018-09-21,1405301.4036799558,25
2018-09-24,1387527.689462151,25
2018-09-25,1399161.7442325728,25
2018-09-26,1397759.5720198941,25
2018-09-27,1387559.3415377378,25
2018-09-28,1377567.1571552302,25
2018-10-01,1385758.1066379666,25
2018-10-03,1370087.3414378106,25
2018-10-04,1336632.649174366,25
2018-10-05,1321038.1877120903,25
2018-10-08,1312274.1783163846,25
2018-10-09,1309181.4130010824,14
2018-10-10,1308954.394734635,14
2018-10-11,1290806.8508049042,14
2018-10-12,1293404.7063384217,14
2018-10-15,1311800.0317732533,14
2018-10-16,1316099.4541188728,14
2018-10-17,1310674.4001031446,14
2018-10-19,1305994.4214265002,14
2018-10-22,1305524.5932060515,14
2018-10-23,1291311.6752672112,14
2018-10-24,1290352.9785182343,8
2018-10-25,1293050.0374631924,8
2018-10-26,1293253.8607078088,8
2018-10-29,1307389.5802430117,8
2018-10-30,1307225.4082776853,8
2018-10-31,1308319.221637392,8
2018-11-01,1308107.534799402,8
2018-11-02,1301000.6136230067,8
2018-11-05,1297299.105341255,8
2018-11-06,1299003.034018211,8
2018-11-07,1301107.1840996146,7
2018-11-09,1301548.170121131,7
2018-11-12,1298300.285191651,7
2018-11-13,1300703.5444111922,7
2018-11-14,1297791.6551520638,7
2018-11-15,1299068.6533626267,6
2018-11-16,1301475.2934119487,6
2018-11-19,1304355.064119358,6
2018-11-20,1298565.4332690977,6
2018-11-21,1301520.518837913,6
2018-11-22,1298364.5862860682,6
2018-11-26,1298040.9480316378,6
2018-11-27,1299144.589122076,6
2018-11-28,1298212.3444476558,6
2018-11-29,1302987.4983389585,6
2018-11-30,1303468.5055781386,25
2018-12-03,1304574.4677629175,25
2018-12-04,1305687.8830613461,25
2018-12-05,1290924.367627651,25
2018-12-06,1276495.05260989,25
2018-12-07,1288389.275679186,14
2018-12-10,1273422.57571062,14
2018-12-11,1279768.3397148354,14
2018-12-12,1291364.1309906102,14
2018-12-13,1293146.621109826,14
2018-12-14,1290022.8454949223,25
2018-12-17,1299528.7799046417,25
2018-12-18,1298912.9889995046,25
2018-12-19,1312314.4426103518,25
2018-12-20,1307751.7974424404,25
2018-12-21,1290569.8171276548,12
2018-12-24,1292732.8744213346,12
2018-12-26,1294113.94076826,12
2018-12-27,1296532.483083445,12
2018-12-28,1302316.9862360323,12
2018-12-31,1304193.0518426877,25
2019-01-02,1295207.861504692,25
2019-01-03,1288282.8308675536,25
2019-01-04,1290738.8607082397,25
2019-01-07,1292463.9287489557,25
2019-01-08,1291982.6751421657,25
2019-01-09,1294566.1386885284,25
2019-01-10,1295579.3285781767,25
2019-01-11,1291823.0171531404,25
2019-01-14,1285911.4715619811,25
2019-01-15,1291332.8299796137,25
2019-01-16,1289919.715767942,25
2019-01-17,1288926.9222851887,25
2019-01-18,1288793.374325984,25
2019-01-21,1284624.4058753315,25
2019-01-22,1289142.822784627,25
2019-01-23,1282844.221310145,25
2019-01-24,1289620.2921310097,25
2019-01-25,1279129.2573270516,25
2019-01-28,1260642.1445711404,25
2019-01-29,1266987.43833338,21
2019-01-30,1271151.9916851267,21
2019-01-31,1278752.449229473,21
2019-02-01,1282969.4433670542,21
2019-02-04,1278383.3704523388,21
2019-02-05,1278804.1184719962,25
2019-02-06,1283320.4772081897,25
2019-02-07,1292675.718904045,25
2019-02-08,1277034.230390282,25
2019-02-11,1262920.6882936815,25
2019-02-12,1259898.8276058512,19
2019-02-14,1249263.5891606389,19
2019-02-15,1240357.4438883022,19
2019-02-18,1238200.5241267176,19
2019-02-19,1238120.2752688506,19
2019-02-20,1247536.0968904288,14
2019-02-21,1248273.330509316,14
2019-02-22,1248950.1557217892,14
2019-02-25,1255090.6100622227,14
2019-02-26,1253340.3786985413,14
2019-02-27,1250865.0190325219,13
2019-02-28,1251281.8220374014,13
2019-03-01,1252349.4309747894,13
2019-03-05,1266583.7447443767,13
2019-03-06,1270607.3758612608,13
2019-03-07,1266972.4699173684,24
2019-03-08,1268659.3344179746,24
2019-03-11,1285461.2396546025,24
2019-03-12,1292763.7847660107,24
2019-03-13,1293300.5159039618,24
2019-03-14,1292021.6151313942,25
2019-03-15,1303534.9150768484,25
2019-03-18,1304616.4777707153,25
2019-03-19,1312030.2576174878,25
2019-03-20,1315510.2225749379,25
2019-03-22,1312655.2070749423,25
2019-03-25,1309472.3410492484,25
2019-03-26,1316024.9437205796,25
2019-03-27,1311817.1460269722,25
2019-03-28,1329597.3426266913,25
2019-04-01,1338149.1029067931,25
2019-04-02,1342118.7641316056,25
2019-04-03,1333465.454761236,25
2019-04-04,1335644.2154637151,25
2019-04-05,1348254.0542546008,25
2019-04-08,1334422.205636393,25
2019-04-09,1333285.7597149124,25
2019-04-10,1330775.3741693967,25
2019-04-11,1332218.9232151129,25
2019-04-12,1335522.0415285395,25
2019-04-15,1335958.3758992103,25
2019-04-16,1339613.7105998343,25
2019-04-18,1335757.9205766642,25
2019-04-22,1314270.351679004,25
2019-04-23,1318351.1134512313,25
2019-04-24,1333350.226473059,25
2019-04-25,1331906.372163882,25
2019-04-26,1332550.6197007287,25
2019-04-30,1335244.9020377826,25
2019-05-02,1330884.0131859782,25
2019-05-03,1329648.657774479,25
2019-05-06,1313449.0216749127,25
2019-05-07,1300406.5405045368,25
2019-05-08,1287637.2384760284,25
2019-05-09,1286879.0008985766,25
2019-05-10,1286074.2748340813,25
2019-05-13,1271158.345128602,25
2019-05-14,1274734.8528571005,25
2019-05-15,1287576.6136190959,25
2019-05-16,1296361.1881333166,25
2019-05-17,1310261.076187389,25
2019-05-20,1357737.6391185932,25
2019-05-21,1350596.9445345758,25
2019-05-22,1356495.5601000285,25
2019-05-23,1350063.1396947505,25
2019-05-24,1365995.0129091577,25
2019-05-27,1381081.3179367832,25
2019-05-28,1372178.330901356,25
2019-05-29,1363403.8377146947,25
2019-05-30,1373653.6195854696,25
2019-05-31,1376076.8198626305,25
2019-06-03,1392458.3360854927,25
2019-06-04,1387398.6986693689,25
2019-06-06,1367595.0340063253,25
2019-06-07,1371066.5152716783,25
2019-06-10,1371756.8549183696,25
2019-06-11,1376622.5477754853,25
2019-06-12,1366559.3141070781,25
2019-06-13,1374707.0329966317,25
2019-06-14,1367482.1981173714,25
2019-06-17,1350532.473027083,25
2019-06-18,1360060.8887806959,25
2019-06-19,1351175.4938887146,25
2019-06-20,1360892.335847736,25
2019-06-21,1359273.7001048485,25
2019-06-24,1360786.830558199,25
2019-06-25,1362215.1621212424,25
2019-06-26,1371520.3187603643,25
2019-06-27,1382062.9766746957,25
2019-06-28,1383594.946452967,25
2019-07-01,1384199.601571814,25
2019-07-02,1387875.3697119204,25
2019-07-03,1390472.797413755,25
2019-07-04,1397613.8467694116,25
2019-07-05,1373802.7965868004,25
2019-07-08,1335684.3632214954,25
2019-07-09,1340872.8174804489,25
2019-07-10,1319756.5748657384,25
2019-07-11,1331298.146249729,25
2019-07-12,1333838.8700294748,25
2019-07-15,1332631.6915521128,25
2019-07-16,1341425.460340618,25
2019-07-17,1338291.593131618,25
2019-07-18,1324724.3872290477,25
2019-07-19,1302680.7163840903,25
2019-07-22,1291237.712209427,25
2019-07-23,1295552.0091509735,25
2019-07-24,1277336.880706289,25
2019-07-25,1281691.8694933627,25
2019-07-26,1297767.0504466067,25
2019-07-29,1285676.0596563225,25
2019-07-30,1271123.4881118883,25
2019-07-31,1275460.2156095423,25
2019-08-01,1259100.5210873617,25
2019-08-02,1263130.2182242207,25
2019-08-05,1246520.3489297628,13
2019-08-06,1257435.229662999,13
2019-08-07,1255673.5289416548,13
2019-08-08,1263225.7870301765,13
2019-08-09,1270656.8231526674,13
2019-08-13,1257874.275432071,13
2019-08-14,1265197.720067269,13
2019-08-16,1275973.0222563066,13
2019-08-19,1277552.2271128378,13
2019-08-20,1274954.7479208047,13
2019-08-21,1274359.73217742,13
2019-08-22,1266535.5952661315,13
2019-08-23,1263163.0100563543,13
2019-08-26,1267772.7011017392,13
2019-08-27,1274836.8379908202,13
2019-08-28,1276859.6979056934,11
2019-08-29,1274707.4900055297,11
2019-08-30,1279897.2476407979,11
2019-09-03,1267144.8875634307,11
2019-09-04,1269479.236784718,11
2019-09-05,1269660.2256285942,9
2019-09-06,1271744.6398060084,9
2019-09-09,1272477.213083668,9
2019-09-11,1272706.0418264798,9
2019-09-12,1269646.3613199538,9
2019-09-13,1271313.3630616548,9
2019-09-16,1272956.9552308712,9
2019-09-17,1270099.330114024,9
2019-09-18,1274012.2508037626,9
2019-09-19,1268973.1842875087,9
2019-09-20,1284877.9486626415,23
2019-09-23,1302614.934506962,23
2019-09-24,1305814.2043186855,23
2019-09-25,1299788.029845738,23
2019-09-26,1310868.2347631608,23
2019-09-27,1314626.0306116578,23
2019-09-30,1313674.8827428794,23
2019-10-01,1295702.6910074726,23
2019-10-03,1296108.4037513104,23
2019-10-04,1286362.231469205,23
2019-10-07,1286001.0895732343,18
2019-10-09,1298646.8000807858,18
2019-10-10,1304581.7494109164,18
2019-10-11,1316304.683156318,18
2019-10-14,1316271.2334539983,18
2019-10-15,1321288.1286316884,25
2019-10-16,1325701.4161184365,25
2019-10-17,1345947.9028805678,25
2019-10-18,1359977.7913457926,25
2019-10-22,1356227.7790032267,25
2019-10-23,1360851.6837351373,26
2019-10-24,1364957.595829093,26
2019-10-25,1359010.0430578897,26
2019-10-29,1372878.0214468492,26
2019-10-30,1381148.2538685366,26
2019-10-31,1388910.2240195076,26
2019-11-01,1382166.1216774,26
2019-11-04,1377280.8191724198,26
2019-11-05,1369496.8759189332,26
2019-11-06,1368369.863023472,26
2019-11-07,1373086.548509238,25
2019-11-08,1360823.240813149,25
2019-11-11,1363558.894193869,25
2019-11-13,1366425.2574354522,25
2019-11-14,1365593.328956434,25
2019-11-15,1364650.1325513644,26
2019-11-18,1359348.8497749618,26
2019-11-19,1347953.5404385424,26
2019-11-20,1350111.8737678505,26
2019-11-21,1344951.0656184065,26
2019-11-22,1343046.4127675812,25
2019-11-25,1366089.782044736,25
2019-11-26,1360324.999753619,25
2019-11-27,1371986.9919328508,25
2019-11-28,1380143.3128889734,25
2019-11-29,1376843.156879227,25
2019-12-02,1361027.7078564037,25
2019-12-03,1359160.5855536696,25
2019-12-04,1367901.6642826244,25
2019-12-05,1364054.7551737628,25
2019-12-06,1352005.0282373715,26
2019-12-09,1350400.9879940108,26
2019-12-10,1343026.0698009543,26
2019-12-11,1355476.7818248125,26
2019-12-12,1360753.363393041,26
2019-12-13,1369266.4405351863,26
2019-12-16,1364559.291829849,26
2019-12-17,1370675.0009411676,26
2019-12-18,1371976.0800402046,26
2019-12-19,1378393.5831449882,26
2019-12-20,1381096.972765931,26
2019-12-23,1380945.0552705622,26
2019-12-24,1379976.1376229268,26
2019-12-26,1386032.3807575232,26
2019-12-27,1391939.1377163175,26
2019-12-30,1397808.0703691407,26
2019-12-31,1396541.72480199,26
2020-01-01,1402863.3307989947,26
2020-01-02,1418597.1458840077,26
2020-01-03,1422408.4738640706,26
2020-01-06,1400061.9301125726,26
2020-01-07,1418031.4137246935,26
2020-01-08,1427241.2339922963,26
2020-01-09,1446660.0720790261,26
2020-01-10,1445948.0302585263,26
2020-01-13,1446863.4980554972,26
2020-01-14,1445760.1738763717,26
2020-01-15,1452696.591784617,26
2020-01-16,1456707.134024772,26
2020-01-17,1470536.9591580005,26
2020-01-20,1472974.629094924,26
2020-01-21,1469908.0075899607,26
2020-01-22,1459938.0570685149,26
2020-01-23,1474044.6173930038,26
2020-01-24,1489612.2063489156,26
2020-01-27,1473881.019515522,26
2020-01-28,1472631.2185470625,26
2020-01-29,1474042.5963430475,26
2020-01-30,1460201.2326806346,26
2020-01-31,1467874.9674367318,26
2020-02-03,1447587.7113622848,26
2020-02-04,1475025.8777919887,26
2020-02-05,1502102.0087956768,26
2020-02-06,1513869.4829023983,26
2020-02-07,1524925.323890925,26
2020-02-10,1518125.2227304927,26
2020-02-11,1523030.9211163514,26
2020-02-12,1525513.0836346748,26
2020-02-13,1521384.7249445266,26
2020-02-14,1522193.7653828098,26
2020-02-17,1506852.8800766303,26
2020-02-18,1498338.985148578,26
2020-02-19,1521851.5541828885,26
2020-02-20,1524965.9922043853,26
2020-02-24,1490639.5289299726,26
2020-02-25,1490512.0422392234,26
2020-02-26,1482417.0645674216,26
2020-02-27,1474059.6782714461,26
2020-02-28,1414039.5902576083,26
2020-03-02,1414915.3663375457,26
2020-03-03,1438752.494801923,23
2020-03-04,1421110.5905567075,23
2020-03-05,1433999.247156238,23
2020-03-06,1419656.6365300622,23
2020-03-09,1369921.225439297,23
2020-03-11,1358703.6330107006,15
2020-03-12,1290155.0650632363,15
2020-03-13,1310461.3231754787,15
2020-03-16,1271372.9332680944,15
2020-03-17,1257770.875930022,15
2020-03-18,1209374.6370155516,1
2020-03-19,1207051.76066822,1
2020-03-20,1210460.701188113,1
2020-03-23,1208884.4991471595,1
2020-03-24,1207819.393452459,1
2020-03-25,1208964.3436849709,1
2020-03-26,1209632.1720938813,1
2020-03-27,1210387.834163352,1
2020-03-30,1210214.132996466,1
2020-03-31,1210006.5143720915,1
2020-04-01,1208892.4830821664,1
2020-04-03,1208832.6061634854,1
2020-04-07,1209970.578882947,1
2020-04-08,1216900.2505760563,1
2020-04-09,1217655.912645527,1
2020-04-13,1217352.4608623588,1
2020-04-15,1217213.7043258867,1
2020-04-16,1218631.1822112377,1
2020-04-17,1217047.997469492,1
2020-04-20,1215552.6567637906,1
2020-04-21,1215114.437817783,1
2020-04-22,1214172.1052263146,1
2020-04-23,1213841.6875599977,1
2020-04-24,1218164.01566462,1
2020-04-27,1219023.479264665,1
2020-04-28,1217472.2406384312,1
2020-04-29,1216539.8944503989,1
2020-04-30,1215467.795679422,1
2020-05-04,1216748.5298722142,1
2020-05-05,1216960.1586211897,1
2020-05-06,1215772.2642600308,1
2020-05-07,1214633.2903063546,1
2020-05-08,1215239.2082017022,1
2020-05-11,1215471.7954285385,1
2020-05-12,1215034.5725290035,1
2020-05-13,1213224.782026999,1
2020-05-14,1214024.368708363,1
2020-05-15,1212951.2738909135,1
2020-05-18,1210691.28594652,1
2020-05-19,1210944.8472144434,1
2020-05-20,1212158.675098084,1
2020-05-21,1212983.2200064254,1
2020-05-22,1213441.4013838214,1
2020-05-26,1211723.4598547202,1
2020-05-27,1209473.4531260207,1
2020-05-28,1209885.0773733794,0
2020-05-29,1209885.0773733794,0
2020-06-01,1209885.0773733794,0
2020-06-02,1209885.0773733794,0
2020-06-03,1209885.0773733794,0
2020-06-04,1209885.0773733794,0
2020-06-05,1209885.0773733794,0
2020-06-08,1209885.0773733794,0
2020-06-09,1209885.0773733794,0
2020-06-10,1209885.0773733794,0
2020-06-11,1209885.0773733794,0
2020-06-12,1209885.0773733794,0
2020-06-15,1209885.0773733794,0
2020-06-16,1209885.0773733794,0
2020-06-17,1209885.0773733794,0
2020-06-18,1209885.0773733794,0
2020-06-19,1209885.0773733794,0
2020-06-22,1209885.0773733794,0
2020-06-23,1209885.0773733794,0
2020-06-24,1209885.0773733794,0
2020-06-25,1209885.0773733794,0
2020-06-26,1209885.0773733794,0
2020-06-29,1209885.0773733794,0
2020-06-30,1209885.0773733794,0
2020-07-01,1209885.0773733794,0
2020-07-02,1209885.0773733794,0
2020-07-03,1209885.0773733794,0
2020-07-06,1209885.0773733794,0
2020-07-07,1209885.0773733794,0
2020-07-08,1209885.0773733794,0
2020-07-09,1209885.0773733794,0
2020-07-10,1209885.0773733794,0
2020-07-13,1209885.0773733794,0
2020-07-14,1209885.0773733794,0
2020-07-15,1209885.0773733794,0
2020-07-16,1209885.0773733794,0
2020-07-17,1209885.0773733794,0
2020-07-20,1209885.0773733794,0
2020-07-21,1209885.0773733794,0
2020-07-22,1209885.0773733794,0
2020-07-23,1208217.358174667,26
2020-07-24,1208844.593624179,26
2020-07-27,1207042.1749330356,26
2020-07-28,1217629.629121123,26
2020-07-29,1216986.9302158402,26
2020-07-30,1216055.833306585,26
2020-07-31,1224044.7428678414,26
2020-08-03,1222000.5310885317,26
2020-08-04,1229502.797695527,26
2020-08-05,1236222.0229870956,26
2020-08-06,1241551.3288694753,26
2020-08-07,1246860.78582888,26
2020-08-10,1258533.8631102452,26
2020-08-11,1256779.5556191448,26
2020-08-12,1258561.3509856577,26
2020-08-13,1269273.2701631049,26
2020-08-14,1262952.0755141093,26
2020-08-17,1272759.3004283854,26
2020-08-18,1279953.4944557592,26
2020-08-19,1285715.316825345,26
2020-08-20,1282588.7744030692,26
2020-08-21,1287120.4332327852,26
2020-08-24,1295229.2549455715,26
2020-08-25,1293892.650914284,26
2020-08-26,1306412.0422501753,26
2020-08-27,1302204.6912251161,26
2020-08-28,1303377.273804416,26
2020-08-31,1266881.4118074507,26
2020-09-01,1282126.9077711797,26
2020-09-02,1303453.0056170912,26
2020-09-03,1308375.4422539324,26
2020-09-04,1292049.3248795718,26
2020-09-07,1288329.8662799182,26
2020-09-08,1278639.228716491,26
2020-09-09,1277688.6376560612,26
2020-09-10,1286609.4646022262,26
2020-09-11,1292124.7475922944,26
2020-09-14,1324966.0999336303,26
2020-09-15,1335656.824963935,26
2020-09-16,1339233.2774496428,26
2020-09-17,1338162.3873766346,26
2020-09-18,1339998.037518736,26
2020-09-21,1303489.6726300442,26
2020-09-22,1292885.242374497,26
2020-09-23,1300302.0147241994,26
2020-09-24,1268459.2906989998,26
2020-09-25,1298913.346771724,26
2020-09-28,1329399.021834019,26
2020-09-29,1329814.8048817443,26
2020-09-30,1330517.7648992406,26
2020-10-01,1341578.08156953,26
2020-10-05,1352555.668812057,26
2020-10-06,1350971.1536533223,26
2020-10-07,1345688.9128701969,26
2020-10-08,1355319.574777027,26
2020-10-09,1352781.1227805451,26
2020-10-12,1358001.7163425188,26
2020-10-13,1371650.3099581571,26
2020-10-14,1365865.6462772258,26
2020-10-15,1341180.511731019,26
2020-10-16,1350638.9458077636,26
2020-10-19,1353165.5234667158,26
2020-10-20,1361147.6678478809,26
2020-10-21,1353919.9538830682,26
2020-10-22,1349021.637664269,26
2020-10-23,1349210.1190082626,26
2020-10-26,1334248.7294281193,26
2020-10-27,1338746.1366319056,26
2020-10-28,1329077.5135034246,26
2020-10-29,1331778.405877985,26
2020-10-30,1339965.5957381127,26
2020-11-02,1336815.3662617146,26
2020-11-03,1342277.9742641603,26
2020-11-04,1354619.4265703675,26
2020-11-05,1373720.626272136,26
2020-11-06,1374006.7862919518,26
2020-11-09,1389889.0978930152,26
2020-11-10,1376193.752142698,26
2020-11-11,1388288.930263692,26
2020-11-12,1395459.4801530675,26
2020-11-13,1412171.7809493989,26
2020-11-17,1425339.108443664,26
2020-11-18,1425959.394317572,26
2020-11-19,1412892.591841886,26
2020-11-20,1427013.704240576,26
2020-11-23,1444764.059979955,26
2020-11-24,1449379.465781131,26
2020-11-25,1424152.380120292,26
2020-11-26,1434702.80968255,26
2020-11-27,1450351.4460422527,26
2020-12-01,1467590.1533275375,26
2020-12-02,1478559.0022909823,26
2020-12-03,1484536.1956352366,26
2020-12-04,1495157.288403332,26
2020-12-07,1496097.335789294,26
2020-12-08,1493151.8493044511,26
2020-12-09,1499441.0090999831,26
2020-12-10,1492877.3243723838,26
2020-12-11,1490880.4221981422,26
2020-12-14,1491004.0774219248,26
2020-12-15,1498718.3043729372,26
2020-12-16,1516655.616881356,26
2020-12-17,1523222.8897846455,26
2020-12-18,1520261.6596296066,26
2020-12-21,1474421.3295964461,26
2020-12-22,1486424.9596680384,26
2020-12-23,1505575.8460409185,26
2020-12-24,1507965.2793031451,26
2020-12-28,1526832.8157839074,26
2020-12-29,1532993.9505328971,26
2020-12-30,1544395.2338442826,26
2020-12-31,1547734.3333580696,26
2021-01-01,1554146.6881192417,26
2021-01-04,1572057.4850288557,26
2021-01-05,1582081.970733575,26
2021-01-06,1588052.385920244,26
2021-01-07,1605634.346445385,26
2021-01-08,1617430.810239119,26
2021-01-11,1608483.3957022326,26
2021-01-12,1620117.8323788457,26
2021-01-13,1616100.55333027,26
2021-01-14,1618030.08217952,26
2021-01-15,1599233.5947671188,26
2021-01-18,1577177.3627017513,26
2021-01-19,1616026.7199809616,26
2021-01-20,1632249.4665057128,26
2021-01-21,1614284.8473652008,26
2021-01-22,1592014.062706826,26
2021-01-25,1577865.5783648076,26
2021-01-27,1557488.0027271064,26
2021-01-28,1549066.8141189092,26
2021-01-29,1531905.1521908215,26
2021-02-01,1600520.230432073,26
2021-02-02,1638842.7630011016,26
2021-02-03,1651135.015730937,26
2021-02-04,1679543.0766116453,26
2021-02-05,1684866.873352052,26
2021-02-08,1707570.2432678048,26
2021-02-09,1701448.6531543927,26
2021-02-10,1713600.9085242122,26
2021-02-11,1718685.6124476502,26
2021-02-12,1719030.1849337246,26
2021-02-15,1744333.8845242562,26
2021-02-16,1752845.2123922503,26
2021-02-17,1765163.3240460923,26
2021-02-18,1781833.3319330353,26
2021-02-19,1754890.7113510252,26
2021-02-22,1737255.8879031204,26
2021-02-23,1754193.610820809,26
2021-02-24,1770987.4032075054,26
2021-02-25,1798298.0743164967,26
2021-02-26,1760180.6746280687,26
2021-03-01,1780052.788155919,26
2021-03-02,1796849.9705960434,26
2021-03-03,1825700.3039100072,26
2021-03-04,1828915.9850771443,26
2021-03-05,1801309.2457631975,26
2021-03-08,1812398.8625069696,26
2021-03-09,1803837.4469254846,26
2021-03-10,1814626.6324715284,26
2021-03-12,1804910.9445470376,26
2021-03-15,1805953.838015743,26
2021-03-16,1805771.544440943,26
2021-03-17,1773231.6847279123,26
2021-03-18,1769056.6419973094,26
2021-03-19,1789221.9539875833,26
2021-03-22,1798398.5276228471,26
2021-03-23,1807865.6686285646,26
2021-03-24,1773073.6467972524,26
2021-03-25,1743992.4171146022,26
2021-03-26,1764061.906558856,26
2021-03-30,1781074.1820324466,26
2021-03-31,1784324.2543908865,26
2021-04-01,1807195.170058342,26
2021-04-05,1788998.1620122602,26
2021-04-06,1806777.468497385,26
2021-04-07,1825163.576712303,26
2021-04-08,1830194.547913017,26
2021-04-09,1824982.252147029,26
2021-04-12,1741697.3281944667,26
2021-04-13,1758680.6879292629,26
2021-04-15,1759728.4067951862,26
2021-04-16,1780092.0373912998,26
2021-04-19,1751790.9524646755,26
2021-04-20,1752293.708918191,26
2021-04-22,1764817.88099696,26
2021-04-23,1763456.3492982106,26
2021-04-26,1780063.589667868,26
2021-04-27,1806502.0310837375,26
2021-04-28,1822019.060469272,26
2021-04-29,1833211.6580460987,26
2021-04-30,1823219.1156133073,26
2021-05-03,1845681.73378143,26
2021-05-04,1841909.2820985934,26
2021-05-05,1850040.9924017678,26
2021-05-06,1865357.6544985443,26
2021-05-07,1871650.3699443426,26
2021-05-10,1886569.448245105,26
2021-05-11,1895820.0337668725,26
2021-05-12,1871521.1767726897,26
2021-05-14,1853877.1538881008,26
2021-05-17,1886781.9436796617,26
2021-05-18,1904184.6714527947,26
2021-05-19,1903443.0416717308,26
2021-05-20,1888170.9863319916,26
2021-05-21,1899024.519508013,26
2021-05-24,1902283.2172734388,26
2021-05-25,1901693.2270274677,26
2021-05-26,1900189.301211294,26
2021-05-27,1900930.0275827744,26
2021-05-28,1906888.9375485869,26
2021-05-31,1917753.7960499746,26
2021-06-01,1920758.859827849,26
2021-06-02,1949875.9801493476,26
2021-06-03,1962936.3142710805,26
2021-06-04,1980629.2119445405,26
2021-06-07,1997171.5326974872,26
2021-06-08,2017885.994344298,26
2021-06-09,2002814.1600781307,26
2021-06-10,2015295.8230224114,26
2021-06-11,2021636.6082043475,26
2021-06-14,1994492.0670009677,26
2021-06-15,2006234.8627422429,26
2021-06-16,1980103.7997406186,26
2021-06-17,1958860.1228479086,26
2021-06-18,1955353.9753691587,26
2021-06-21,1964389.6519011431,26
2021-06-22,1966948.293210132,26
2021-06-23,1955779.1848531659,26
2021-06-24,1960068.5221141006,26
2021-06-25,1971440.5352306007,26
2021-06-28,1986025.0064395778,26
2021-06-29,1987613.6444298765,26
2021-06-30,1990876.1152529467,26
2021-07-01,1996905.1923729412,26
2021-07-02,1998422.001484737,26
2021-07-05,2008571.7813679336,26
2021-07-06,2009513.8474213358,26
2021-07-07,2024654.4968206706,26
2021-07-08,2017519.5955129664,26
2021-07-09,2028342.1022972686,26
2021-07-12,2028318.8566207835,26
2021-07-13,2038823.1238388058,26
2021-07-14,2056501.6797176106,26
2021-07-15,2070689.0575495362,26
2021-07-16,2085459.8073772534,26
2021-07-19,2099852.5770810526,26
2021-07-20,2092468.010694475,26
2021-07-22,2107750.494113813,26
2021-07-23,2112164.281024476,26
2021-07-26,2127547.9984519347,26
2021-07-27,2110282.498659233,26
2021-07-28,2109516.9703640793,26
2021-07-29,2124804.0979473894,26
2021-07-30,2137384.632191953,26
2021-08-02,2158777.690100832,26
2021-08-03,2167699.0386399915,26
2021-08-04,2141938.3812852683,26
2021-08-05,2139345.27352848,26
2021-08-06,2135564.3509181268,26
2021-08-09,2133451.220961888,26
2021-08-10,2116893.062672376,26
2021-08-11,2109215.64602546,26
2021-08-12,2131033.178356056,26
2021-08-13,2137855.661960974,26
2021-08-16,2140416.922351185,26
2021-08-17,2169127.1685617487,26
2021-08-18,2172794.5626365566,26
2021-08-20,2138707.70916775,26
2021-08-23,2136646.6683668382,26
2021-08-24,2151519.3599467343,26
2021-08-25,2150721.5225313418,26
2021-08-26,2150990.4649575194,26
2021-08-27,2182597.3882944956,26
2021-08-30,2217208.28773514,26
2021-08-31,2240972.0072586136,26
2021-09-01,2234562.0380602786,26
2021-09-02,2250587.8072650074,26
2021-09-03,2272653.8516946184,26
2021-09-06,2278949.790389709,26
2021-09-07,2271454.8638394866,26
2021-09-08,2276175.516460391,26
2021-09-09,2285657.494300148,26
2021-09-13,2307678.430986495,26
2021-09-14,2322250.0367446844,26
2021-09-15,2344597.1869778456,26
2021-09-16,2349352.076303943,26
2021-09-17,2332269.127083552,26
2021-09-20,2291013.0138028446,26
2021-09-21,2317372.614164974,26
2021-09-22,2336493.2667845907,26
2021-09-23,2367823.5118049146,26
2021-09-24,2350513.2807487734,26
2021-09-27,2329821.8329439005,26
2021-09-28,2296669.2781815394,26
2021-09-29,2298432.303176591,26
2021-09-30,2305509.124406899,26
2021-10-01,2277948.3257336295,26
2021-10-04,2316956.1448888206,26
2021-10-05,2330955.763122018,26
2021-10-06,2309530.511881118,26
2021-10-07,2340065.2196392566,26
2021-10-08,2375215.7995715975,26
2021-10-11,2390163.848100681,26
2021-10-12,2402493.7842816897,26
2021-10-13,2422130.314467935,26
2021-10-14,2464462.8643733053,26
2021-10-18,2467888.5459445184,26
2021-10-19,2456570.307192334,26
2021-10-20,2383494.0919424905,26
2021-10-21,2346315.9218602674,26
2021-10-22,2319230.761903744,26
2021-10-25,2254827.9286499084,26
2021-10-26,2303446.098462219,26
2021-10-27,2312210.6348698926,26
2021-10-28,2288215.0517061073,26
2021-10-29,2262174.2762312843,26
2021-11-01,2301512.368484193,26
2021-11-02,2306819.0705343564,26
2021-11-03,2305793.4078853866,26
2021-11-04,2315556.8468275163,26
2021-11-08,2352865.9757108926,26
2021-11-09,2357066.7914402187,26
2021-11-10,2360254.9948024205,26
2021-11-11,2348488.7789979996,26
2021-11-12,2375907.2190174777,26
2021-11-15,2384482.68536221,26
2021-11-16,2387777.986796788,26
2021-11-17,2383592.6415246194,26
2021-11-18,2360678.814309532,26
2021-11-22,2300320.3397387345,26
2021-11-23,2334436.5992048862,26
2021-11-24,2321822.0188019993,26
2021-11-25,2331442.020962083,26
2021-11-26,2250896.0700343507,26
2021-11-29,2226989.3528510537,26
2021-11-30,2247028.133479981,26
2021-12-01,2262560.714000457,26
2021-12-02,2294341.6422946574,26
2021-12-03,2295485.2391885654,26
2021-12-06,2258949.099722542,26
2021-12-07,2279717.300517067,26
2021-12-08,2313447.6072914265,26
2021-12-09,2321118.122434211,26
2021-12-10,2331756.9113579784,26
2021-12-13,2332234.351698458,26
2021-12-14,2335583.252544011,26
2021-12-15,2314680.2120070998,26
2021-12-16,2309409.200594119,26
2021-12-17,2271256.20463512,26
2021-12-20,2208915.7829838595,26
2021-12-21,2230353.9582198253,26
2021-12-22,2258567.255867841,26
2021-12-23,2274305.080525259,26
2021-12-24,2264989.791523834,26
2021-12-27,2272199.589195414,26
2021-12-28,2297572.912744334,26
2021-12-29,2292532.7371728085,26
2021-12-30,2287832.7982471753,26
2021-12-31,2305852.593627992,26
2022-01-03,2323155.4273160943,26
2022-01-04,2336990.882463538,26
2022-01-05,2324078.548862207,26
2022-01-06,2323129.010841343,26
2022-01-07,2330437.6526184333,26
2022-01-10,2341658.205484933,26
2022-01-11,2355913.645333492,26
2022-01-12,2367428.4302847856,26
2022-01-13,2379797.21408406,26
2022-01-14,2390623.0585128106,26
2022-01-17,2405246.183940134,26
2022-01-18,2379062.260361867,26
2022-01-19,2377355.003285123,26
2022-01-20,2379069.686224884,26
2022-01-21,2336450.613215371,26
2022-01-24,2254893.6408749362,26
2022-01-25,2273848.1907515,26
2022-01-27,2247571.1435882286,26
2022-01-28,2256894.127727345,26
2022-01-31,2280782.164139293,26
2022-02-01,2300841.396743747,26
2022-02-02,2325779.336106064,26
2022-02-03,2312082.9963597865,26
2022-02-04,2315766.1508346996,26
2022-02-07,2298186.143462785,26
2022-02-08,2273853.9660462434,26
2022-02-09,2296641.880819241,26
2022-02-10,2288161.868731369,26
2022-02-11,2255574.665572105,26
2022-02-14,2189211.1061540945,26
2022-02-15,2233865.537686133,26
2022-02-16,2232673.8905401477,26
2022-02-17,2235957.4012906086,26
2022-02-18,2225268.837722095,26
2022-02-21,2201732.079124798,26
2022-02-22,2184233.3737856755,26
2022-02-23,2190441.3480655304,26
2022-02-24,2109304.782523644,26
2022-02-25,2169106.8234663154,26
2022-02-28,2177050.380208823,26
2022-03-02,2173247.7314764387,11
2022-03-03,2186594.2556845173,11
2022-03-04,2170233.428391,11
2022-03-07,2167915.5875082007,11
2022-03-08,2168969.8534635357,11
2022-03-09,2181556.8210765775,9
2022-03-10,2196906.6123268744,9
2022-03-11,2202008.9136896287,9
2022-03-14,2208649.397933753,9
2022-03-15,2194823.6480571767,9
2022-03-16,2203794.8254219117,9
2022-03-17,2211277.252616906,9
2022-03-21,2217129.436451519,9
2022-03-22,2222748.229029326,9
2022-03-23,2226574.2866774118,9
2022-03-24,2225017.5891806977,26
2022-03-25,2219238.1904859846,26
2022-03-28,2224603.3170884196,26
2022-03-29,2230440.385120591,26
2022-03-30,2232649.0746941827,26
2022-03-31,2234815.7413606714,26
2022-04-01,2267152.4230769603,26
2022-04-04,2296775.784607961,26
2022-04-05,2317338.8685427457,26
2022-04-06,2336853.868083162,26
2022-04-07,2316101.3059362397,26
2022-04-08,2339011.824634801,26
2022-04-11,2364456.428764152,26
2022-04-12,2349983.4864003714,26
2022-04-13,2356041.8047395153,26
2022-04-18,2372172.7743192217,27
2022-04-19,2350857.356120495,27
2022-04-20,2350172.643684338,27
2022-04-21,2369370.141453522,27
2022-04-22,2358359.957997735,27
2022-04-25,2323251.5056620645,24
2022-04-26,2369147.207411575,24
2022-04-27,2353049.3594799303,24
2022-04-28,2368412.252113946,24
2022-04-29,2351259.6563866995,24
2022-05-02,2349073.181720643,23
2022-05-04,2307748.526402888,23
2022-05-05,2319076.552505217,23
2022-05-06,2312649.529626948,23
2022-05-09,2282022.212935046,23
2022-05-10,2233686.3104277626,14
2022-05-11,2229530.9529318092,14
2022-05-12,2202134.9720307156,14
2022-05-13,2199633.0056158197,14
2022-05-16,2223733.8731607874,14
2022-05-17,2249630.4006213485,13
2022-05-18,2255018.0680398257,13
2022-05-19,2242546.3316091266,13
2022-05-20,2264689.8821593705,13
2022-05-23,2263607.4219653835,13
2022-05-24,2245501.006033005,12
2022-05-25,2241127.9480041075,12
2022-05-26,2252933.445750087,12
2022-05-27,2254175.0451369863,12
2022-05-30,2267606.126359788,12
2022-05-31,2256199.9132906194,10
2022-06-01,2252630.111799776,10
2022-06-02,2250243.2740709507,10
2022-06-03,2236930.994442905,10
2022-06-06,2243602.656596207,10
2022-06-07,2243266.9038171535,10
2022-06-08,2232514.2845327677,10
2022-06-09,2238820.1843055384,10
2022-06-10,2237213.5723844725,10
2022-06-13,2215843.857693947,10
2022-06-14,2221805.6449115793,10
2022-06-15,2220439.2841498186,10
2022-06-16,2197743.329571147,10
2022-06-17,2195288.4077476477,10
2022-06-20,2177830.76913566,10
2022-06-21,2193850.0520814043,7
2022-06-22,2184859.4112884244,7
2022-06-23,2190424.605920971,7
2022-06-24,2200127.680248439,7
2022-06-27,2209390.8187960465,7
2022-06-28,2211754.981552671,6
2022-06-29,2212434.2980871596,6
2022-06-30,2207892.5649466547,6
2022-07-01,2210940.0961989616,6
2022-07-04,2216926.6247304003,6
2022-07-05,2214860.496941457,6
2022-07-06,2220855.6649526404,6
2022-07-07,2227326.827762626,6
2022-07-08,2229986.2593549294,6
2022-07-11,2240195.689708814,6
2022-07-12,2241373.335710194,6
2022-07-13,2240810.1633039555,6
2022-07-14,2235976.0249697226,6
2022-07-15,2239204.2894143923,6
2022-07-18,2248450.8936349307,6
2022-07-19,2255460.6920535634,6
2022-07-20,2257386.7458192157,6
2022-07-21,2261041.6309539853,6
2022-07-22,2261556.890904051,6
2022-07-25,2264914.93637586,6
2022-07-26,2265206.6956066336,6
2022-07-27,2271683.467152713,6
2022-07-28,2278903.826812983,6
2022-07-29,2278451.8225929546,6
2022-08-01,2292364.1069118213,6
2022-08-02,2293868.3141634366,24
2022-08-03,2290810.1591155925,24
2022-08-04,2302216.8449317645,24
2022-08-05,2295866.864849712,24
2022-08-08,2315005.5289856917,24
2022-08-10,2312389.519274766,25
2022-08-11,2316574.0479782247,25
2022-08-12,2320114.3536038375,25
2022-08-16,2372175.7635057736,25
2022-08-17,2383972.287775319,25
2022-08-18,2394912.872531348,25
2022-08-19,2369044.5080906977,25
2022-08-22,2347094.378515045,25
2022-08-23,2362020.5933965323,25
2022-08-24,2373864.5110756904,25
2022-08-25,2371522.309138388,25
2022-08-26,2378274.7193588074,25
2022-08-29,2371584.594096068,25
2022-08-30,2414727.3814264834,25
2022-09-01,2433959.949835266,25
2022-09-02,2438762.8000181383,26
2022-09-05,2452538.492929545,26
2022-09-06,2460009.3421343775,26
2022-09-07,2457567.4164949814,26
2022-09-08,2473125.6364932153,26
2022-09-09,2476139.36833891,26
2022-09-12,2490025.09169176,26
2022-09-13,2497568.846983491,26
2022-09-14,2496981.1294073956,26
2022-09-15,2513114.1475535934,26
2022-09-16,2464990.180145231,26
2022-09-19,2472691.9826975698,26
2022-09-20,2503944.8757712557,26
2022-09-21,2485149.0189873087,26
2022-09-22,2494122.611973545,26
2022-09-23,2435688.589388275,27
2022-09-26,2356182.4700948815,27
2022-09-27,2349231.8268318996,27
2022-09-28,2330849.678782007,27
2022-09-29,2332151.088005422,27
2022-09-30,2375809.9920392837,27
2022-10-03,2321108.1845724895,27
2022-10-04,2388119.357123916,27
2022-10-06,2412236.986755583,27
2022-10-07,2415889.555285957,27
2022-10-10,2389134.806616066,27
2022-10-11,2350195.1936324076,27
2022-10-12,2372144.6779777906,27
2022-10-13,2355183.6372518796,27
2022-10-14,2356583.948505065,27
2022-10-17,2375668.49978162,27
2022-10-18,2423608.7146427175,27
2022-10-19,2424120.236064459,27
2022-10-20,2425282.357613032,27
2022-10-21,2408953.6845757915,27
2022-10-24,2423936.5418535266,27
2022-10-25,2439436.098255308,27
2022-10-27,2445025.9195963363,27
2022-10-28,2429335.743071588,27
2022-10-31,2453987.0903286682,27
2022-11-01,2480500.0776682105,27
2022-11-02,2475037.178438041,27
2022-11-03,2504046.5656646676,27
2022-11-04,2515555.959637439,27
2022-11-07,2536931.223902083,27
2022-11-09,2537658.874778074,26
2022-11-10,2505049.0953510357,26
2022-11-11,2505904.9489448103,26
2022-11-14,2502998.53331168,26
2022-11-15,2509925.778720401,26
2022-11-16,2512627.760141517,26
2022-11-17,2507302.7684040735,26
2022-11-18,2492198.320483244,26
2022-11-21,2487706.5324638993,26
2022-11-22,2499065.3855928355,26
2022-11-23,2513304.409937885,26
2022-11-24,2525940.8242955264,26
2022-11-25,2551355.9039657773,26
2022-11-28,2572654.545302943,26
2022-11-29,2566347.600988713,26
2022-11-30,2567843.602320583,25
2022-12-01,2589606.230127604,25
2022-12-02,2607074.6520784716,25
2022-12-05,2606479.040182408,25
2022-12-06,2598592.5012470386,25
2022-12-07,2582229.0778881516,25
2022-12-08,2602302.657408647,25
2022-12-09,2584250.88183903,25
2022-12-12,2589390.204704163,25
2022-12-13,2613326.4335532933,25
2022-12-14,2621942.783494223,24
2022-12-15,2590749.38787841,24
2022-12-16,2555459.067522067,24
2022-12-19,2586084.0799472067,24
2022-12-20,2596169.8387310468,24
2022-12-21,2536120.4104419695,24
2022-12-22,2513682.293749815,24
2022-12-23,2412103.6506762756,24
2022-12-26,2476805.332165186,24
2022-12-27,2494867.6553592826,24
2022-12-28,2502692.9263516706,24
2022-12-29,2528134.318890263,24
2022-12-30,2534622.1223163316,24
2023-01-02,2552793.1654247753,24
2023-01-03,2569658.3845986607,24
2023-01-04,2540941.8765195427,24
2023-01-05,2555554.2613463053,24
2023-01-06,2543792.3059595414,24
2023-01-09,2570672.325002324,24
2023-01-10,2546274.1339343246,24
2023-01-11,2546744.2700445657,24
2023-01-12,2551581.8593814834,24
2023-01-13,2577405.5916103804,24
2023-01-16,2570454.399524456,24
2023-01-17,2572696.141760812,24
2023-01-18,2592322.13414632,24
2023-01-19,2592863.9666318465,24
2023-01-20,2584549.5321083185,24
2023-01-23,2582570.8175227344,24
2023-01-24,2564351.7252216884,24
2023-01-25,2520514.5470184307,23
2023-01-27,2464947.6260667173,23
2023-01-30,2455745.7336035455,23
2023-01-31,2496416.990167085,23
2023-02-01,2449964.9728882755,23
2023-02-02,2448682.767478128,22
2023-02-03,2453411.3884212314,22
2023-02-06,2445205.428314028,22
2023-02-07,2441392.475312879,22
2023-02-08,2458170.070592723,22
2023-02-09,2466695.128674319,22
2023-02-10,2469768.802913807,22
2023-02-13,2449814.159874786,22
2023-02-14,2456325.3644970157,22
2023-02-15,2464907.1456707595,22
2023-02-16,2470029.073493861,22
2023-02-17,2466558.184485931,22
2023-02-20,2458593.9274824043,22
2023-02-21,2452904.668555688,22
2023-02-22,2426562.2888338785,22
2023-02-23,2432288.2468385776,22
2023-02-24,2428149.0204101168,22
2023-02-27,2406034.4697815534,22
2023-02-28,2404139.0368144894,22
2023-03-01,2425190.4152224394,22
2023-03-02,2428062.10738122,18
2023-03-03,2440001.195392325,18
2023-03-06,2458183.910442802,18
2023-03-08,2478252.790727415,18
2023-03-09,2467663.8698966685,18
2023-03-10,2467523.24882161,17
2023-03-13,2443713.011660159,17
2023-03-14,2429869.194112013,17
2023-03-15,2435138.940118741,17
2023-03-16,2435825.155192371,17
2023-03-17,2448454.617392151,13
2023-03-20,2443681.389702929,13
2023-03-21,2441386.3439901504,13
2023-03-22,2443856.395836924,13
2023-03-23,2442261.558225629,13
2023-03-24,2429967.613274554,12
2023-03-27,2428388.098941276,12
2023-03-28,2427953.0109043657,12
2023-03-29,2448925.166926347,12
2023-03-31,2456407.9712525923,12
2023-04-03,2452599.4423049865,11
2023-04-05,2450313.86186448,11
2023-04-06,2445034.626693292,11
2023-04-10,2456012.1601049323,11
2023-04-11,2461495.2090632836,11
2023-04-12,2461774.6419370174,21
2023-04-13,2457743.869086933,21
2023-04-17,2456937.640465157,21
2023-04-18,2453175.363853495,21
2023-04-19,2442657.9760338403,21
2023-04-20,2450389.3866221923,21
2023-04-21,2452630.4460084117,21
2023-04-24,2466873.5925435848,21
2023-04-25,2478590.367661765,21
2023-04-26,2505465.2988375793,21
2023-04-27,2513004.791115308,20
2023-04-28,2517997.2686161185,20
2023-05-02,2544978.3746040114,20
2023-05-03,2539023.9241373055,20
2023-05-04,2554634.4564904203,20
2023-05-05,2557486.7399094463,21
2023-05-08,2593216.542898707,21
2023-05-09,2579637.272686882,21
2023-05-10,2596160.0125855515,21
2023-05-11,2592637.1509675337,21
2023-05-12,2583253.9748029574,22
2023-05-15,2600416.3295823983,22
2023-05-16,2610440.4341668067,22
2023-05-17,2600154.733627737,22
2023-05-18,2571178.6786481217,22
2023-05-19,2564766.124391292,22
2023-05-22,2564025.4668894624,22
2023-05-23,2567325.754365712,22
2023-05-24,2572462.880154721,22
2023-05-25,2596007.718717656,22
2023-05-26,2601760.6982260733,22
2023-05-29,2600212.6094441633,22
2023-05-30,2615068.358979561,22
2023-05-31,2621045.7939610523,22
2023-06-01,2617843.3414955563,22
2023-06-02,2645739.8624406275,22
2023-06-05,2652144.8656478575,22
2023-06-06,2671534.09292613,22
2023-06-07,2712197.981032803,22
2023-06-08,2695815.52673029,22
2023-06-09,2700448.3651517327,22
2023-06-12,2708097.2238607747,22
2023-06-13,2744726.159122384,22
2023-06-14,2751242.254331712,22
2023-06-15,2769035.2466678824,22
2023-06-16,2777665.374735489,24
2023-06-19,2766307.972031451,24
2023-06-20,2778086.1724793217,24
2023-06-21,2780056.4854409606,24
2023-06-22,2747721.4542556303,24
2023-06-23,2710164.6241029776,24
2023-06-26,2737023.7247008574,24
2023-06-27,2754559.4978448185,24
2023-06-28,2805684.492680516,24
2023-06-30,2809465.64334232,24
2023-07-03,2806813.809417924,24
2023-07-04,2792186.2242276655,24
2023-07-05,2814721.633863401,24
2023-07-06,2841614.0354577764,24
2023-07-07,2822742.436057122,24
2023-07-10,2807483.061571839,24
2023-07-11,2842042.3480507596,24
2023-07-12,2858537.268071055,24
2023-07-13,2836464.70489175,24
2023-07-14,2858941.7950948654,24
2023-07-17,2856812.877757688,23
2023-07-18,2846809.0315772565,23
2023-07-19,2868038.8921308364,23
2023-07-20,2867056.168056084,23
2023-07-21,2865084.4445322873,23
2023-07-24,2894730.6137958784,23
2023-07-25,2885638.090100002,23
2023-07-26,2899645.6263909247,23
2023-07-27,2931413.710428572,23
2023-07-28,2957278.2888451144,23
2023-07-31,2977112.838007051,23
2023-08-01,2951402.464970013,23
2023-08-02,2914882.237354089,23
2023-08-03,2910493.2712230464,23
2023-08-04,2937688.4182556863,23
2023-08-07,2973099.626156208,23
2023-08-08,2986995.5039172913,23
2023-08-09,3011803.753400489,23
2023-08-10,2984475.8862353936,23
2023-08-11,2984399.731137457,23
2023-08-14,2963075.143588519,23
2023-08-16,2961527.6980176764,23
2023-08-17,2979942.915728711,23
2023-08-18,2962098.6551285153,23
2023-08-21,2993918.844030065,23
2023-08-22,3026750.792334909,23
2023-08-23,3042306.532588008,23
2023-08-24,3036631.228351491,23
2023-08-25,3011183.2391886325,23
2023-08-28,3040795.504600524,23
2023-08-29,3046531.2682767697,23
2023-08-30,3072238.489234094,23
2023-08-31,3075057.2677551056,23
2023-09-01,3115835.828251524,23
2023-09-04,3153692.221713756,23
2023-09-05,3169444.1437092647,23
2023-09-06,3152504.5153326043,23
2023-09-07,3187794.730529705,23
2023-09-08,3256980.441631948,23
2023-09-11,3292271.019187257,23
2023-09-12,3174979.6406318303,23
2023-09-13,3200452.0715080174,23
2023-09-14,3211901.5471097124,23
2023-09-15,3221179.9321177597,23
2023-09-18,3218809.4933012035,23
2023-09-20,3203727.2837153063,23
2023-09-21,3175669.0196768357,23
2023-09-22,3179955.3745857133,23
2023-09-25,3196835.6093210466,23
2023-09-26,3194408.412735389,23
2023-09-27,3252749.9613563986,23
2023-09-28,3207266.741056933,23
2023-09-29,3276613.026041895,23
2023-10-03,3263496.090188103,23
2023-10-04,3202326.247446808,23
2023-10-05,3197476.099560671,24
2023-10-06,3230635.0982825737,24
2023-10-09,3181203.00174987,24
2023-10-10,3226872.6267755604,24
2023-10-11,3249367.5384407775,24
2023-10-12,3246966.103814072,24
2023-10-13,3250608.848689886,24
2023-10-16,3250862.2640567785,24
2023-10-17,3256117.5606326577,24
2023-10-18,3214762.7507072086,24
2023-10-19,3221938.4074324653,25
2023-10-20,3200215.126454079,25
2023-10-23,3130170.1689837417,25
2023-10-25,3122459.1843261514,25
2023-10-26,3095612.8674065648,25
2023-10-27,3156994.4394787154,24
2023-10-30,3179712.4492740855,24
2023-10-31,3194808.5227716747,24
2023-11-01,3176952.265822599,24
2023-11-02,3230403.2481746096,24
2023-11-03,3263837.191288843,24
2023-11-06,3304866.8127391394,24
2023-11-07,3351792.559295992,24
2023-11-08,3385231.740515594,24
2023-11-09,3388480.2074843976,24
2023-11-10,3427117.784067166,23
2023-11-13,3550050.5117095145,23
2023-11-15,3562866.0663245153,23
2023-11-16,3583071.1689286963,23
2023-11-17,3618829.3121190444,23
2023-11-20,3614522.225716416,23
2023-11-21,3580674.2577198176,23
2023-11-22,3569025.2772726207,23
2023-11-23,3585307.126598702,23
2023-11-24,3595655.197473688,23
2023-11-28,3661938.4957655706,22
2023-11-29,3712885.094907415,22
2023-11-30,3742889.9384669927,22
2023-12-01,3834640.8340863227,22
2023-12-04,3902437.4200382535,22
2023-12-05,3942013.196231632,22
2023-12-06,3962026.250981688,22
2023-12-07,3967311.590885504,22
2023-12-08,3964811.0243174694,22
2023-12-11,4010774.0805277787,22
2023-12-12,3986247.1614281507,21
2023-12-13,4093587.269736617,21
2023-12-14,4122804.9168359204,21
2023-12-15,4119870.4002803015,21
2023-12-18,4117609.1427273676,21
2023-12-19,4152018.564171873,20
2023-12-20,3993675.057326343,20
2023-12-21,4051617.5899614617,20
2023-12-22,4062812.3458636496,20
2023-12-26,4093763.2547722603,20
2023-12-27,4101940.802815544,21
2023-12-28,4139825.4777450897,21
2023-12-29,4139894.6520599113,21
2024-01-01,4153904.07448866,21
2024-01-02,4139173.7627820787,21
2024-01-03,4165637.9309299686,21
2024-01-04,4224383.9261484565,21
2024-01-05,4229267.67977087,21
2024-01-08,4219052.341386593,21
2024-01-09,4221453.362765431,21
2024-01-10,4202771.811601248,22
2024-01-11,4241633.111027011,22
2024-01-12,4244792.399982814,22
2024-01-15,4278810.402152125,22
2024-01-16,4264529.855897506,22
2024-01-17,4215043.175602111,22
2024-01-18,4205333.919146694,22
2024-01-19,4283155.22345108,22
2024-01-23,4142575.641208549,22
2024-01-24,4225422.101517712,22
2024-01-25,4254084.048970336,23
2024-01-29,4370080.807655871,23
2024-01-30,4351846.217058495,23
2024-01-31,4418520.231077493,23
2024-02-01,4444111.840828552,23
2024-02-02,4513272.084136256,24
2024-02-05,4560817.367295936,24
2024-02-06,4591635.466304364,24
2024-02-07,4672140.918120819,24
2024-02-08,4727919.604146975,24
2024-02-09,4628591.53057238,26
2024-02-12,4471577.889074601,26
2024-02-13,4528709.060236171,26
2024-02-14,4637532.396280365,26
2024-02-15,4699948.905143548,26
2024-02-16,4715024.997966683,26
2024-02-19,4721257.851382495,26
2024-02-20,4706223.068914926,26
2024-02-21,4617668.468510817,26
2024-02-22,4673321.123188996,26
2024-02-23,4668533.084532266,26
2024-02-26,4664464.446396101,26
2024-02-27,4624375.336418046,26
2024-02-28,4525033.334014634,26
2024-02-29,4549138.962658694,26
2024-03-01,4637030.6318811765,26
2024-03-04,4738505.50237032,26
2024-03-05,4747147.268017114,26
2024-03-06,4744255.134308847,26
2024-03-07,4783709.839706361,26
2024-03-11,4771846.771663263,27
2024-03-12,4693035.067367102,27
2024-03-13,4455239.411059486,27
2024-03-14,4585316.671997369,27
2024-03-15,4506701.976919447,27
2024-03-18,4514055.537031772,27
2024-03-19,4441383.9636613,27
2024-03-20,4460168.534824494,27
2024-03-21,4556508.991363438,27
2024-03-22,4590458.745267078,27
2024-03-26,4612241.655322468,27
2024-03-27,4606656.637936393,27
2024-03-28,4661493.298938932,27
2024-04-01,4711311.673773362,27
2024-04-02,4738674.513991549,27
2024-04-03,4750442.58886366,27
2024-04-04,4738457.879521134,27
2024-04-05,4741785.217044339,27
2024-04-08,4749810.662755923,27
2024-04-09,4725607.151748034,27
2024-04-10,4764924.998654026,27
2024-04-12,4739271.603561995,27
2024-04-15,4690421.312729463,27
2024-04-16,4700065.895679587,27
2024-04-18,4683335.17178626,27
2024-04-19,4664118.237557255,27
2024-04-22,4730890.954287987,27
2024-04-23,4729513.598161249,27
2024-04-24,4748669.436429318,27
2024-04-25,4796964.726199994,27
2024-04-26,4824221.893144065,26
2024-04-29,4836354.352377776,26
2024-04-30,4863787.534847559,26
2024-05-02,4937934.548319463,26
2024-05-03,4922393.007426817,26
2024-05-06,4872116.189672156,26
2024-05-07,4783088.2102597635,26
2024-05-08,4845168.716836966,26
2024-05-09,4751526.307422319,26
2024-05-10,4805819.927301549,26
2024-05-13,4848204.870886681,26
2024-05-14,4913180.640589302,26
2024-05-15,4968589.248824644,26
2024-05-16,5000249.595542124,26
2024-05-17,5066514.201951962,26
2024-05-21,5159224.617434235,26
2024-05-22,5146790.282463837,26
2024-05-23,5206731.280516624,26
2024-05-24,5216621.374917898,26
2024-05-27,5220683.18324145,26
2024-05-28,5174042.918568877,26
2024-05-29,5170926.797801885,26
2024-05-30,5126039.21803655,26
2024-05-31,5138714.491155611,26
2024-06-03,5312928.29068808,26
2024-06-04,4869261.922042276,27
2024-06-05,5063311.316413339,27
2024-06-06,5147252.47140558,27
2024-06-07,5229684.004898071,27
2024-06-10,5248852.745873719,27
2024-06-11,5251279.110008434,27
2024-06-12,5299412.328128936,27
2024-06-13,5364011.408997713,27
2024-06-14,5452270.044227847,27
2024-06-18,5495540.047554408,27
2024-06-19,5403401.405046116,27
2024-06-20,5417270.385572682,27
2024-06-21,5424333.69965401,27
2024-06-24,5480160.435373057,27
2024-06-25,5459779.182376137,27
2024-06-26,5440599.580716756,27
2024-06-27,5465934.227401999,27
2024-06-28,5440776.105564716,27
2024-07-01,5481334.798465657,27
2024-07-02,5464691.923194846,27
2024-07-03,5505474.98574597,27
2024-07-04,5535342.6337893065,27
2024-07-05,5587063.825583923,27
2024-07-08,5563709.826770059,27
2024-07-09,5577393.550807061,27
2024-07-10,5563862.290985755,27
2024-07-11,5566242.899843472,27
2024-07-12,5537578.604287336,27
2024-07-15,5577326.61006449,27
2024-07-16,5548938.541417207,27
2024-07-18,5447879.890581533,27
2024-07-19,5317151.763422553,27
2024-07-22,5365717.299063055,27
2024-07-23,5304885.089890187,27
2024-07-24,5310865.846140102,27
2024-07-25,5325146.375501781,27
2024-07-26,5411007.739323276,27
2024-07-29,5501716.540805492,27
2024-07-30,5507780.147262496,27
2024-07-31,5554881.350226646,27
2024-08-01,5483030.544144212,27
2024-08-02,5403806.09574752,27
2024-08-05,5237879.2696739305,27
2024-08-06,5185857.562090446,27
2024-08-07,5351720.873695927,27
2024-08-08,5311695.629625512,26
2024-08-09,5377871.207478312,26
2024-08-12,5398656.337207918,26
2024-08-13,5366132.513767471,26
2024-08-14,5334049.11303998,26
2024-08-16,5437765.15437462,26
2024-08-19,5479089.451294891,26
2024-08-20,5506761.419318552,26
2024-08-21,5550641.423739631,26
2024-08-22,5582818.248696135,26
2024-08-23,5565791.94332927,26
2024-08-26,5588007.325403652,26
2024-08-27,5579649.870726897,26
2024-08-28,5631255.548966948,26
2024-08-29,5631670.943598635,26
2024-08-30,5665517.06608037,27
2024-09-02,5624981.50260693,27
2024-09-03,5636517.615121856,27
2024-09-04,5635400.994936705,27
2024-09-05,5634131.301010718,27
2024-09-06,5575476.869435521,25
2024-09-09,5566104.833177994,25
2024-09-10,5599577.0931659285,25
2024-09-11,5585267.178103584,25
2024-09-12,5647139.34272992,25
2024-09-13,5663090.981874855,25
2024-09-16,5694389.203856748,25
2024-09-17,5704572.132236411,25
2024-09-18,5653618.892465892,25
2024-09-19,5640120.625653998,25
2024-09-20,5711720.897720469,25
2024-09-23,5760320.383983645,25
2024-09-24,5736960.308213055,25
2024-09-25,5708301.716025032,25
2024-09-26,5730010.897975296,25
2024-09-27,5739313.724273245,24
2024-09-30,5684311.076354482,24
2024-10-01,5699759.957689188,24
2024-10-03,5622323.802988656,24
2024-10-04,5580597.664235767,24
2024-10-07,5542956.9120648345,24
2024-10-08,5658283.756543488,24
2024-10-09,5719114.600110089,24
2024-10-10,5650200.038745105,24
2024-10-11,5715744.945948214,24
2024-10-14,5733024.633130296,24
2024-10-15,5718972.7928571515,24
2024-10-16,5672118.734191163,24
2024-10-17,5567758.905698441,24
2024-10-18,5593636.872445771,24
2024-10-21,5527800.975837608,24
2024-10-22,5438708.390765674,24
2024-10-23,5543634.754655132,24
2024-10-24,5549418.744133133,24
2024-10-25,5481841.712151846,24
2024-10-28,5493149.778593587,25
2024-10-29,5515746.405897931,25
2024-10-30,5444981.2514195815,25
2024-10-31,5408212.364229607,25
2024-11-01,5415979.465909366,25
2024-11-04,5387630.542352985,24
2024-11-05,5401330.972306004,24
2024-11-06,5499889.79130603,24
2024-11-07,5449944.225238683,24
2024-11-08,5440062.401227952,24
2024-11-11,5431527.511380463,26
2024-11-12,5368279.282708545,26
2024-11-13,5270634.175815251,26
2024-11-14,5282783.726441117,26
2024-11-18,5244930.179263049,26
2024-11-19,5268637.329428244,18
2024-11-21,5286237.962772948,18
2024-11-22,5341917.876199233,18
2024-11-25,5374319.622026489,18
2024-11-26,5372832.775583376,18
2024-11-27,5380286.085418888,26
2024-11-28,5328088.347838764,26
2024-11-29,5374821.648707814,26
2024-12-02,5437665.341987806,26
2024-12-03,5454126.815160858,26
2024-12-04,5488400.719466826,25
2024-12-05,5537005.783432972,25
2024-12-06,5564645.675544478,25
2024-12-09,5558126.493948725,25
2024-12-10,5571305.390080675,25
2024-12-11,5572630.5429636175,24
2024-12-12,5577631.487360975,24
2024-12-13,5601283.252639175,24
2024-12-16,5646764.545188796,24
2024-12-17,5630642.675892113,24
2024-12-18,5605303.599234098,24
2024-12-19,5584730.196630338,24
2024-12-20,5462670.599994508,24
2024-12-23,5498640.783487018,24
2024-12-24,5496645.527925966,24
2024-12-26,5505177.769547933,17
2024-12-27,5498117.866337063,17
2024-12-30,5523749.115573754,17
2024-12-31,5501737.934086158,17
